key,orf,gene,aa,position,ThisStudy,Li2019,Dokladal2021,Baro2018,Plank_Cdc55AID,n_published,category
YHR132W-A_S63,YHR132W-A,IGO2,S,63,1,1,1,0,0,2,consensus
YKL204W_T391,YKL204W,EAP1,T,391,1,0,1,1,0,2,consensus
YML017W_S340,YML017W,PSP2,S,340,1,0,1,1,0,2,consensus
YBL101C_S1030,YBL101C,ECM21,S,1030,1,0,0,1,0,1,shared
YDR168W_S17,YDR168W,CDC37,S,17,1,0,0,1,0,1,shared
YEL043W_S524,YEL043W,Uncharacterized protein YEL043W,S,524,1,0,0,1,0,1,shared
YJL168C_S522,YJL168C,SET2,S,522,1,0,0,1,0,1,shared
YLR335W_S20,YLR335W,NUP2,S,20,1,0,0,1,0,1,shared
YNL156C_S52,YNL156C,NSG2,S,52,1,0,0,1,0,1,shared
YPR041W_S184,YPR041W,TIF5,S,184,1,0,0,1,0,1,shared
YBR130C_S361,YBR130C,SHE3,S,361,1,0,0,0,0,0,novel_this_study
YBR156C_S280,YBR156C,SLI15,S,280,1,0,0,0,0,0,novel_this_study
YBR278W_S186,YBR278W,DPB3,S,186,1,0,0,0,0,0,novel_this_study
YBR278W_S188,YBR278W,DPB3,S,188,1,0,0,0,0,0,novel_this_study
YDR039C_S1065,YDR039C,ENA2;ENA1,S,1065,1,0,0,0,0,0,novel_this_study
YDR097C_S145,YDR097C,MSH6,S,145,1,0,0,0,0,0,novel_this_study
YDR171W_S182,YDR171W,HSP42,S,182,1,0,0,0,0,0,novel_this_study
YDR372C_S22,YDR372C,VPS74,S,22,1,0,0,0,0,0,novel_this_study
YDR422C_S220,YDR422C,SIP1,S,220,1,0,0,0,0,0,novel_this_study
YFL045C_S240,YFL045C,SEC53,S,240,1,0,0,0,0,0,novel_this_study
YGR162W_S163,YGR162W,TIF4631,S,163,1,0,0,0,0,0,novel_this_study
YIR006C_T1256,YIR006C,PAN1,T,1256,1,0,0,0,0,0,novel_this_study
YKL054C_T258,YKL054C,DEF1,T,258,1,0,0,0,0,0,novel_this_study
YKR093W_S39,YKR093W,PTR2,S,39,1,0,0,0,0,0,novel_this_study
YLR257W_T8,YLR257W,YLR257W,T,8,1,0,0,0,0,0,novel_this_study
YLR267W_S383,YLR267W,BOP2,S,383,1,0,0,0,0,0,novel_this_study
YLR335W_S84,YLR335W,NUP2,S,84,1,0,0,0,0,0,novel_this_study
YOL138C_S1089,YOL138C,RTC1,S,1089,1,0,0,0,0,0,novel_this_study
YPL110C_S256,YPL110C,GDE1,S,256,1,0,0,0,0,0,novel_this_study
YPL237W_S92,YPL237W,SUI3,S,92,1,0,0,0,0,0,novel_this_study
YDL226C_T161,YDL226C,GCS1,T,161,0,1,1,1,0,3,published_only
YNL157W_S64,YNL157W,IGO1,S,64,0,1,1,1,0,3,published_only
YBL058W_S315,YBL058W,SHP1,S,315,0,1,0,1,0,2,published_only
YBL058W_S322,YBL058W,SHP1,S,322,0,1,0,1,0,2,published_only
YBR059C_S541,YBR059C,AKL1,S,541,0,1,0,1,0,2,published_only
YBR245C_T694,YBR245C,ISW1,T,694,0,1,0,1,0,2,published_only
YCL050C_T60,YCL050C,APA1,T,60,0,1,0,1,0,2,published_only
YCR088W_T181,YCR088W,ABP1,T,181,0,1,0,1,0,2,published_only
YCR088W_S183,YCR088W,ABP1,S,183,0,1,0,1,0,2,published_only
YDL156W_S99,YDL156W,CMR1,S,99,0,1,1,0,0,2,published_only
YDL226C_S157,YDL226C,GCS1,S,157,0,1,0,1,0,2,published_only
YDR443C_S375,YDR443C,SSN2,S,375,0,1,0,1,0,2,published_only
YDR515W_S42,YDR515W,SLF1,S,42,0,1,0,1,0,2,published_only
YGL076C_T8,YGL076C,RPL7A,T,8,0,1,0,1,0,2,published_only
YGR054W_S564,YGR054W,YGR054W,S,564,0,1,0,1,0,2,published_only
YGR056W_S670,YGR056W,RSC1,S,670,0,0,1,1,0,2,published_only
YGR267C_T15,YGR267C,FOL2,T,15,0,0,1,1,0,2,published_only
YIL033C_T129,YIL033C,BCY1,T,129,0,1,0,1,0,2,published_only
YLL021W_S1087,YLL021W,SPA2,S,1087,0,0,0,1,1,2,published_only
YLR175W_T378,YLR175W,CBF5,T,378,0,1,0,1,0,2,published_only
YLR413W_S665,YLR413W,YLR413W,S,665,0,0,0,1,1,2,published_only
YML100W_S135,YML100W,TSL1,S,135,0,0,1,1,0,2,published_only
YML100W_S147,YML100W,TSL1,S,147,0,0,1,1,0,2,published_only
YMR086W_S875,YMR086W,SEG1,S,875,0,0,1,1,0,2,published_only
YNL156C_S63,YNL156C,NSG2,S,63,0,0,1,1,0,2,published_only
YNL192W_T328,YNL192W,CHS1,T,328,0,1,0,1,0,2,published_only
YNL287W_T638,YNL287W,SEC21,T,638,0,1,0,1,0,2,published_only
YOL061W_T120,YOL061W,PRS5,T,120,0,0,1,1,0,2,published_only
YOL087C_S649,YOL087C,YOL087C,S,649,0,0,1,1,0,2,published_only
YOR109W_T1061,YOR109W,INP53,T,1061,0,0,1,1,0,2,published_only
YOR123C_S358,YOR123C,LEO1,S,358,0,1,0,1,0,2,published_only
YPL237W_S112,YPL237W,SUI3,S,112,0,1,0,1,0,2,published_only
YPR041W_S190,YPR041W,TIF5,S,190,0,1,0,1,0,2,published_only
YAL005C_T35,YAL005C,SSA1,T,35,0,0,0,1,0,1,published_only
YAL005C_S551,YAL005C,SSA1,S,551,0,0,0,1,0,1,published_only
YAL011W_S13,YAL011W,SWC3,S,13,0,0,1,0,0,1,published_only
YAL011W_S139,YAL011W,SWC3,S,139,0,0,0,1,0,1,published_only
YAL017W_S286,YAL017W,PSK1,S,286,0,0,0,1,0,1,published_only
YAL017W_S291,YAL017W,PSK1,S,291,0,0,0,1,0,1,published_only
YAL019W_S34,YAL019W,FUN30,S,34,0,0,0,1,0,1,published_only
YAL019W_T131,YAL019W,FUN30,T,131,0,0,1,0,0,1,published_only
YAL022C_S27,YAL022C,FUN26,S,27,0,0,0,1,0,1,published_only
YAL024C_T691,YAL024C,NA,T,691,0,0,0,1,0,1,published_only
YAL031C_S462,YAL031C,GIP4,S,462,0,0,0,1,0,1,published_only
YAL031C_S464,YAL031C,GIP4,S,464,0,0,0,1,0,1,published_only
YAL031C_S466,YAL031C,GIP4,S,466,0,0,0,1,0,1,published_only
YAL031C_T468,YAL031C,GIP4,T,468,0,0,0,1,0,1,published_only
YAL031C_S474,YAL031C,GIP4,S,474,0,0,0,1,0,1,published_only
YAL031C_S501,YAL031C,GIP4,S,501,0,0,0,1,0,1,published_only
YAL031C_S609,YAL031C,GIP4,S,609,0,0,0,1,0,1,published_only
YAL034C_S207,YAL034C,FUN19,S,207,0,0,0,1,0,1,published_only
YAL051W_T986,YAL051W,OAF1,T,986,0,0,1,0,0,1,published_only
YAL053W_S643,YAL053W,NA,S,643,0,0,0,1,0,1,published_only
YAR002W_S177,YAR002W,NUP60,S,177,0,0,0,1,0,1,published_only
YAR002W_T451,YAR002W,NUP60,T,451,0,0,0,1,0,1,published_only
YAR002W_T460,YAR002W,NUP60,T,460,0,0,0,1,0,1,published_only
YAR002W_S473,YAR002W,NUP60,S,473,0,0,0,0,1,1,published_only
YAR007C_S178,YAR007C,NA,S,178,0,0,0,1,0,1,published_only
YAR014C_S376,YAR014C,BUD14,S,376,0,0,0,1,0,1,published_only
YAR042W_S490,YAR042W,SWH1,S,490,0,0,0,1,0,1,published_only
YAR042W_S678,YAR042W,SWH1,S,678,0,0,0,1,0,1,published_only
YAR042W_T692,YAR042W,SWH1,T,692,0,0,0,1,0,1,published_only
YAR042W_T694,YAR042W,SWH1,T,694,0,0,0,1,0,1,published_only
YAR042W_S712,YAR042W,SWH1,S,712,0,0,0,1,0,1,published_only
YBL006C_S142,YBL006C,LDB7,S,142,0,0,0,1,0,1,published_only
YBL011W_S641,YBL011W,NA,S,641,0,0,0,1,0,1,published_only
YBL024W_T665,YBL024W,NCL1,T,665,0,1,0,0,0,1,published_only
YBL024W_S667,YBL024W,NCL1,S,667,0,1,0,0,0,1,published_only
YBL034C_S1000,YBL034C,STU1,S,1000,0,0,1,0,0,1,published_only
YBL035C_T153,YBL035C,POL12,T,153,0,1,0,0,0,1,published_only
YBL035C_S168,YBL035C,POL12,S,168,0,1,0,0,0,1,published_only
YBL035C_T185,YBL035C,POL12,T,185,0,0,0,1,0,1,published_only
YBL035C_T187,YBL035C,POL12,T,187,0,0,0,1,0,1,published_only
YBL043W_Y187,YBL043W,ECM13,Y,187,0,0,0,1,0,1,published_only
YBL043W_T203,YBL043W,ECM13,T,203,0,0,0,1,0,1,published_only
YBL043W_T205,YBL043W,ECM13,T,205,0,0,0,1,0,1,published_only
YBL047C_S1100,YBL047C,EDE1,S,1100,0,0,0,1,0,1,published_only
YBL047C_T1307,YBL047C,EDE1,T,1307,0,0,0,1,0,1,published_only
YBL047C_T1340,YBL047C,EDE1,T,1340,0,1,0,0,0,1,published_only
YBL051C_S194,YBL051C,PIN4,S,194,0,0,0,1,0,1,published_only
YBL051C_S197,YBL051C,PIN4,S,197,0,0,0,1,0,1,published_only
YBL051C_S389,YBL051C,PIN4,S,389,0,0,0,1,0,1,published_only
YBL051C_S393,YBL051C,PIN4,S,393,0,0,0,1,0,1,published_only
YBL051C_S466,YBL051C,PIN4,S,466,0,0,0,1,0,1,published_only
YBL051C_S638,YBL051C,PIN4,S,638,0,0,0,1,0,1,published_only
YBL051C_S653,YBL051C,PIN4,S,653,0,0,0,1,0,1,published_only
YBL051C_S655,YBL051C,PIN4,S,655,0,0,0,1,0,1,published_only
YBL058W_S321,YBL058W,SHP1,S,321,0,0,0,1,0,1,published_only
YBL067C_S261,YBL067C,UBP13,S,261,0,0,1,0,0,1,published_only
YBL085W_S86,YBL085W,BOI1,S,86,0,0,0,1,0,1,published_only
YBL085W_S141,YBL085W,BOI1,S,141,0,0,1,0,0,1,published_only
YBL085W_S147,YBL085W,BOI1,S,147,0,0,0,1,0,1,published_only
YBL085W_S412,YBL085W,BOI1,S,412,0,0,0,1,0,1,published_only
YBL085W_S653,YBL085W,BOI1,S,653,0,0,0,1,0,1,published_only
YBL085W_S655,YBL085W,BOI1,S,655,0,0,0,1,0,1,published_only
YBL101C_S140,YBL101C,ECM21,S,140,0,0,0,1,0,1,published_only
YBL101C_T1028,YBL101C,ECM21,T,1028,0,0,0,1,0,1,published_only
YBL101C_S1038,YBL101C,ECM21,S,1038,0,0,0,1,0,1,published_only
YBL101C_S1039,YBL101C,ECM21,S,1039,0,0,0,1,0,1,published_only
YBL105C_S670,YBL105C,PKC1,S,670,0,1,0,0,0,1,published_only
YBL105C_S761,YBL105C,PKC1,S,761,0,0,0,1,0,1,published_only
YBR007C_S205,YBR007C,DSF2,S,205,0,0,0,1,0,1,published_only
YBR007C_S391,YBR007C,DSF2,S,391,0,0,0,1,0,1,published_only
YBR007C_S394,YBR007C,DSF2,S,394,0,0,0,1,0,1,published_only
YBR011C_T251,YBR011C,IPP1,T,251,0,0,0,1,0,1,published_only
YBR011C_T253,YBR011C,IPP1,T,253,0,0,0,1,0,1,published_only
YBR029C_S40,YBR029C,CDS1,S,40,0,0,1,0,0,1,published_only
YBR049C_S355,YBR049C,REB1,S,355,0,0,0,1,0,1,published_only
YBR059C_S407,YBR059C,AKL1,S,407,0,0,0,1,0,1,published_only
YBR059C_S434,YBR059C,AKL1,S,434,0,0,1,0,0,1,published_only
YBR059C_S504,YBR059C,AKL1,S,504,0,0,0,1,0,1,published_only
YBR059C_S801,YBR059C,AKL1,S,801,0,0,0,1,0,1,published_only
YBR059C_S971,YBR059C,AKL1,S,971,0,0,0,1,0,1,published_only
YBR059C_S1048,YBR059C,AKL1,S,1048,0,0,0,1,0,1,published_only
YBR059C_S1050,YBR059C,AKL1,S,1050,0,0,0,1,0,1,published_only
YBR059C_S1051,YBR059C,AKL1,S,1051,0,0,0,1,0,1,published_only
YBR068C_S4,YBR068C,BAP2,S,4,0,0,0,1,0,1,published_only
YBR068C_S16,YBR068C,BAP2,S,16,0,0,0,1,0,1,published_only
YBR068C_S19,YBR068C,BAP2,S,19,0,0,0,1,0,1,published_only
YBR069C_S13,YBR069C,TAT1,S,13,0,0,0,1,0,1,published_only
YBR069C_S18,YBR069C,TAT1,S,18,0,0,0,1,0,1,published_only
YBR069C_S20,YBR069C,TAT1,S,20,0,0,0,1,0,1,published_only
YBR079C_S508,YBR079C,RPG1,S,508,0,1,0,0,0,1,published_only
YBR079C_T513,YBR079C,RPG1,T,513,0,1,0,0,0,1,published_only
YBR079C_T921,YBR079C,RPG1,T,921,0,0,0,1,0,1,published_only
YBR079C_T932,YBR079C,RPG1,T,932,0,0,0,1,0,1,published_only
YBR079C_T938,YBR079C,RPG1,T,938,0,0,0,1,0,1,published_only
YBR079C_S943,YBR079C,RPG1,S,943,0,0,0,1,0,1,published_only
YBR083W_T327,YBR083W,TEC1,T,327,0,0,0,1,0,1,published_only
YBR086C_S729,YBR086C,IST2,S,729,0,0,0,1,0,1,published_only
YBR086C_S757,YBR086C,IST2,S,757,0,0,0,1,0,1,published_only
YBR086C_S844,YBR086C,IST2,S,844,0,0,0,1,0,1,published_only
YBR103W_S137,YBR103W,NA,S,137,0,0,0,1,0,1,published_only
YBR103W_S140,YBR103W,NA,S,140,0,0,0,1,0,1,published_only
YBR109C_S79,YBR109C,CMD1,S,79,0,0,0,1,0,1,published_only
YBR109C_S82,YBR109C,CMD1,S,82,0,0,0,1,0,1,published_only
YBR112C_T704,YBR112C,CYC8,T,704,0,0,0,1,0,1,published_only
YBR112C_T811,YBR112C,CYC8,T,811,0,0,0,1,0,1,published_only
YBR114W_S25,YBR114W,RAD16,S,25,0,0,0,1,0,1,published_only
YBR156C_S439,YBR156C,SLI15,S,439,0,0,0,1,0,1,published_only
YBR156C_T598,YBR156C,SLI15,T,598,0,0,0,1,0,1,published_only
YBR156C_S649,YBR156C,SLI15,S,649,0,0,0,1,0,1,published_only
YBR157C_S95,YBR157C,ICS2,S,95,0,0,1,0,0,1,published_only
YBR160W_Y19,YBR160W,NA,Y,19,0,0,0,1,0,1,published_only
YBR172C_T70,YBR172C,SMY2,T,70,0,0,0,1,0,1,published_only
YBR172C_S84,YBR172C,SMY2,S,84,0,0,0,1,0,1,published_only
YBR172C_S96,YBR172C,SMY2,S,96,0,0,0,1,0,1,published_only
YBR172C_S128,YBR172C,SMY2,S,128,0,0,0,1,0,1,published_only
YBR172C_T129,YBR172C,SMY2,T,129,0,0,0,1,0,1,published_only
YBR172C_Y604,YBR172C,SMY2,Y,604,0,0,0,1,0,1,published_only
YBR189W_S184,YBR189W,NA,S,184,0,0,0,1,0,1,published_only
YBR197C_S24,YBR197C,YBR197C,S,24,0,0,0,1,0,1,published_only
YBR197C_T68,YBR197C,YBR197C,T,68,0,0,0,1,0,1,published_only
YBR198C_S785,YBR198C,TAF5,S,785,0,0,0,1,0,1,published_only
YBR198C_S787,YBR198C,TAF5,S,787,0,0,0,1,0,1,published_only
YBR207W_S449,YBR207W,NA,S,449,0,0,0,1,0,1,published_only
YBR215W_T263,YBR215W,HPC2,T,263,0,0,0,1,0,1,published_only
YBR225W_S83,YBR225W,YBR225W,S,83,0,0,0,1,0,1,published_only
YBR225W_S533,YBR225W,YBR225W,S,533,0,0,0,1,0,1,published_only
YBR245C_T792,YBR245C,ISW1,T,792,0,0,1,0,0,1,published_only
YBR273C_T349,YBR273C,UBX7,T,349,0,0,1,0,0,1,published_only
YBR273C_S372,YBR273C,UBX7,S,372,0,0,0,1,0,1,published_only
YBR273C_S376,YBR273C,UBX7,S,376,0,0,0,1,0,1,published_only
YBR273C_S382,YBR273C,UBX7,S,382,0,0,0,1,0,1,published_only
YBR273C_S388,YBR273C,UBX7,S,388,0,0,0,1,0,1,published_only
YBR273C_S395,YBR273C,UBX7,S,395,0,0,0,1,0,1,published_only
YBR279W_T422,YBR279W,PAF1,T,422,0,0,0,1,0,1,published_only
YCL005W_S241,YCL005W,NA,S,241,0,0,0,0,1,1,published_only
YCL012C_S71,YCL012C,YCL012C,S,71,0,0,0,1,0,1,published_only
YCL014W_S867,YCL014W,BUD3,S,867,0,0,0,1,0,1,published_only
YCL014W_S1075,YCL014W,BUD3,S,1075,0,0,0,1,0,1,published_only
YCL014W_S1254,YCL014W,BUD3,S,1254,0,0,0,1,0,1,published_only
YCL014W_S1312,YCL014W,BUD3,S,1312,0,0,0,0,1,1,published_only
YCL014W_S1443,YCL014W,BUD3,S,1443,0,0,0,1,0,1,published_only
YCL014W_S1614,YCL014W,BUD3,S,1614,0,0,0,1,0,1,published_only
YCL024W_S439,YCL024W,KCC4,S,439,0,0,0,1,0,1,published_only
YCL024W_S707,YCL024W,KCC4,S,707,0,0,0,1,0,1,published_only
YCL032W_S202,YCL032W,STE50,S,202,0,0,0,1,0,1,published_only
YCL037C_S102,YCL037C,NA,S,102,0,0,0,1,0,1,published_only
YCL037C_S106,YCL037C,NA,S,106,0,0,0,1,0,1,published_only
YCL040W_S2,YCL040W,GLK1,S,2,0,0,0,1,0,1,published_only
YCR012W_S110,YCR012W,PGK1,S,110,0,0,0,1,0,1,published_only
YCR012W_T203,YCR012W,PGK1,T,203,0,0,0,1,0,1,published_only
YCR012W_S391,YCR012W,PGK1,S,391,0,0,0,1,0,1,published_only
YCR012W_T392,YCR012W,PGK1,T,392,0,0,0,1,0,1,published_only
YCR030C_S347,YCR030C,SYP1,S,347,0,0,0,0,1,1,published_only
YCR030C_S496,YCR030C,SYP1,S,496,0,0,0,1,0,1,published_only
YCR033W_S320,YCR033W,SNT1,S,320,0,0,0,1,0,1,published_only
YCR034W_T334,YCR034W,NA,T,334,0,0,0,1,0,1,published_only
YCR034W_S336,YCR034W,NA,S,336,0,0,0,1,0,1,published_only
YCR034W_S338,YCR034W,NA,S,338,0,0,0,1,0,1,published_only
YCR037C_S220,YCR037C,PHO87,S,220,0,0,0,1,0,1,published_only
YCR037C_S223,YCR037C,PHO87,S,223,0,0,0,1,0,1,published_only
YCR066W_S470,YCR066W,NA,S,470,0,0,0,1,0,1,published_only
YCR077C_S457,YCR077C,NA,S,457,0,0,0,1,0,1,published_only
YCR084C_S439,YCR084C,TUP1,S,439,0,0,0,1,0,1,published_only
YCR088W_T157,YCR088W,ABP1,T,157,0,1,0,0,0,1,published_only
YCR088W_S163,YCR088W,ABP1,S,163,0,0,0,1,0,1,published_only
YCR088W_S167,YCR088W,ABP1,S,167,0,0,0,1,0,1,published_only
YCR088W_S169,YCR088W,ABP1,S,169,0,0,0,1,0,1,published_only
YCR088W_S481,YCR088W,ABP1,S,481,0,0,0,1,0,1,published_only
YDL019C_S512,YDL019C,NA,S,512,0,0,0,1,0,1,published_only
YDL019C_S515,YDL019C,NA,S,515,0,0,0,1,0,1,published_only
YDL022W_S24,YDL022W,NA,S,24,0,0,0,1,0,1,published_only
YDL022W_S25,YDL022W,NA,S,25,0,0,0,1,0,1,published_only
YDL022W_S27,YDL022W,NA,S,27,0,0,0,1,0,1,published_only
YDL025C_S104,YDL025C,RTK1,S,104,0,0,0,1,0,1,published_only
YDL025C_Y115,YDL025C,RTK1,Y,115,0,0,0,1,0,1,published_only
YDL035C_S373,YDL035C,GPR1,S,373,0,0,0,1,0,1,published_only
YDL035C_S481,YDL035C,GPR1,S,481,0,0,0,1,0,1,published_only
YDL035C_S903,YDL035C,GPR1,S,903,0,0,0,1,0,1,published_only
YDL048C_S153,YDL048C,STP4,S,153,0,0,0,1,0,1,published_only
YDL053C_T148,YDL053C,PBP4,T,148,0,0,0,1,0,1,published_only
YDL053C_T155,YDL053C,PBP4,T,155,0,0,0,1,0,1,published_only
YDL053C_S165,YDL053C,PBP4,S,165,0,0,0,1,0,1,published_only
YDL056W_S221,YDL056W,MBP1,S,221,0,0,0,1,0,1,published_only
YDL088C_S457,YDL088C,ASM4,S,457,0,0,0,1,0,1,published_only
YDL088C_S458,YDL088C,ASM4,S,458,0,0,0,1,0,1,published_only
YDL110C_S68,YDL110C,TMA17,S,68,0,0,0,1,0,1,published_only
YDL121C_S73,YDL121C,YDL121C,S,73,0,0,0,1,0,1,published_only
YDL133W_S45,YDL133W,NA,S,45,0,0,0,1,0,1,published_only
YDL150W_S224,YDL150W,NA,S,224,0,0,0,1,0,1,published_only
YDL150W_T228,YDL150W,NA,T,228,0,0,0,1,0,1,published_only
YDL150W_S234,YDL150W,NA,S,234,0,0,0,1,0,1,published_only
YDL153C_S316,YDL153C,SAS10,S,316,0,0,0,1,0,1,published_only
YDL161W_S163,YDL161W,ENT1,S,163,0,0,0,1,0,1,published_only
YDL161W_S327,YDL161W,ENT1,S,327,0,0,0,1,0,1,published_only
YDL161W_S328,YDL161W,ENT1,S,328,0,0,0,1,0,1,published_only
YDL161W_T364,YDL161W,ENT1,T,364,0,0,0,1,0,1,published_only
YDL161W_T366,YDL161W,ENT1,T,366,0,0,0,1,0,1,published_only
YDL173W_S39,YDL173W,PAR32,S,39,0,0,0,1,0,1,published_only
YDL173W_S138,YDL173W,PAR32,S,138,0,0,0,1,0,1,published_only
YDL173W_S141,YDL173W,PAR32,S,141,0,0,0,1,0,1,published_only
YDL173W_T146,YDL173W,PAR32,T,146,0,0,0,1,0,1,published_only
YDL173W_S147,YDL173W,PAR32,S,147,0,0,0,1,0,1,published_only
YDL173W_S246,YDL173W,PAR32,S,246,0,0,0,1,0,1,published_only
YDL189W_T148,YDL189W,RBS1,T,148,0,0,1,0,0,1,published_only
YDL195W_S833,YDL195W,SEC31,S,833,0,0,0,1,0,1,published_only
YDL195W_S977,YDL195W,SEC31,S,977,0,0,0,1,0,1,published_only
YDL195W_S980,YDL195W,SEC31,S,980,0,0,0,1,0,1,published_only
YDL195W_S988,YDL195W,SEC31,S,988,0,0,0,1,0,1,published_only
YDL195W_S992,YDL195W,SEC31,S,992,0,0,0,1,0,1,published_only
YDL195W_S997,YDL195W,SEC31,S,997,0,0,0,1,0,1,published_only
YDL195W_S999,YDL195W,SEC31,S,999,0,0,0,1,0,1,published_only
YDL195W_T1050,YDL195W,SEC31,T,1050,0,0,0,1,0,1,published_only
YDL195W_S1053,YDL195W,SEC31,S,1053,0,0,0,1,0,1,published_only
YDL215C_S482,YDL215C,NA,S,482,0,0,0,1,0,1,published_only
YDL220C_S333,YDL220C,CDC13,S,333,0,0,0,1,0,1,published_only
YDL223C_S1034,YDL223C,HBT1,S,1034,0,0,0,1,0,1,published_only
YDL224C_S51,YDL224C,NA,S,51,0,0,0,1,0,1,published_only
YDL225W_S447,YDL225W,SHS1,S,447,0,0,0,1,0,1,published_only
YDL225W_S548,YDL225W,SHS1,S,548,0,0,0,1,0,1,published_only
YDL226C_T146,YDL226C,GCS1,T,146,0,0,1,0,0,1,published_only
YDL226C_S149,YDL226C,GCS1,S,149,0,0,1,0,0,1,published_only
YDL226C_T151,YDL226C,GCS1,T,151,0,0,0,1,0,1,published_only
YDL226C_T170,YDL226C,GCS1,T,170,0,0,1,0,0,1,published_only
YDL231C_S9,YDL231C,NA,S,9,0,0,0,1,0,1,published_only
YDL231C_T11,YDL231C,NA,T,11,0,0,0,1,0,1,published_only
YDR002W_S60,YDR002W,YRB1,S,60,0,0,0,1,0,1,published_only
YDR003W_S189,YDR003W,RCR2,S,189,0,0,0,1,0,1,published_only
YDR011W_S26,YDR011W,SNQ2,S,26,0,0,0,1,0,1,published_only
YDR011W_S29,YDR011W,SNQ2,S,29,0,0,0,1,0,1,published_only
YDR011W_S41,YDR011W,SNQ2,S,41,0,1,0,0,0,1,published_only
YDR017C_S581,YDR017C,KCS1,S,581,0,0,0,1,0,1,published_only
YDR017C_S644,YDR017C,KCS1,S,644,0,0,0,1,0,1,published_only
YDR027C_S29,YDR027C,VPS54,S,29,0,0,0,1,0,1,published_only
YDR027C_S66,YDR027C,VPS54,S,66,0,0,0,1,0,1,published_only
YDR027C_S69,YDR027C,VPS54,S,69,0,0,0,1,0,1,published_only
YDR028C_S421,YDR028C,REG1,S,421,0,0,0,1,0,1,published_only
YDR028C_T579,YDR028C,REG1,T,579,0,0,0,1,0,1,published_only
YDR033W_S289,YDR033W,MRH1,S,289,0,0,0,1,0,1,published_only
YDR033W_S299,YDR033W,MRH1,S,299,0,0,0,1,0,1,published_only
YDR040C_S515,YDR040C,ENA1,S,515,0,0,0,1,0,1,published_only
YDR060W_S80,YDR060W,MAK21,S,80,0,1,0,0,0,1,published_only
YDR083W_S62,YDR083W,NA,S,62,0,0,0,1,0,1,published_only
YDR083W_S65,YDR083W,NA,S,65,0,0,0,1,0,1,published_only
YDR089W_S668,YDR089W,YDR089W,S,668,0,0,0,1,0,1,published_only
YDR093W_S1542,YDR093W,DNF2,S,1542,0,0,0,1,0,1,published_only
YDR096W_S351,YDR096W,GIS1,S,351,0,0,0,1,0,1,published_only
YDR096W_S398,YDR096W,GIS1,S,398,0,0,1,0,0,1,published_only
YDR096W_S747,YDR096W,GIS1,S,747,0,0,0,1,0,1,published_only
YDR103W_S46,YDR103W,STE5,S,46,0,0,0,1,0,1,published_only
YDR103W_T267,YDR103W,STE5,T,267,0,0,0,1,0,1,published_only
YDR119W_S66,YDR119W,VBA4,S,66,0,0,0,1,0,1,published_only
YDR119W_S188,YDR119W,VBA4,S,188,0,0,0,1,0,1,published_only
YDR122W_S593,YDR122W,KIN1,S,593,0,0,0,1,0,1,published_only
YDR122W_T595,YDR122W,KIN1,T,595,0,0,0,1,0,1,published_only
YDR122W_S596,YDR122W,KIN1,S,596,0,0,0,1,0,1,published_only
YDR122W_S764,YDR122W,KIN1,S,764,0,0,0,1,0,1,published_only
YDR128W_S680,YDR128W,MTC5,S,680,0,0,0,1,0,1,published_only
YDR135C_S251,YDR135C,NA,S,251,0,0,0,1,0,1,published_only
YDR135C_T911,YDR135C,NA,T,911,0,0,0,1,0,1,published_only
YDR135C_S914,YDR135C,NA,S,914,0,0,0,1,0,1,published_only
YDR137W_S351,YDR137W,NA,S,351,0,0,0,1,0,1,published_only
YDR137W_S354,YDR137W,NA,S,354,0,0,0,1,0,1,published_only
YDR145W_S286,YDR145W,TAF12,S,286,0,0,0,1,0,1,published_only
YDR146C_S225,YDR146C,SWI5,S,225,0,0,0,1,0,1,published_only
YDR146C_T378,YDR146C,SWI5,T,378,0,0,0,1,0,1,published_only
YDR146C_T490,YDR146C,SWI5,T,490,0,0,0,1,0,1,published_only
YDR146C_S492,YDR146C,SWI5,S,492,0,0,0,1,0,1,published_only
YDR150W_S2162,YDR150W,NA,S,2162,0,0,0,1,0,1,published_only
YDR153C_S363,YDR153C,NA,S,363,0,0,0,1,0,1,published_only
YDR159W_S866,YDR159W,SAC3,S,866,0,0,0,1,0,1,published_only
YDR162C_S194,YDR162C,NBP2,S,194,0,0,0,1,0,1,published_only
YDR165W_S93,YDR165W,TRM82,S,93,0,1,0,0,0,1,published_only
YDR169C_S9,YDR169C,STB3,S,9,0,0,0,1,0,1,published_only
YDR169C_T31,YDR169C,STB3,T,31,0,0,0,1,0,1,published_only
YDR169C_S32,YDR169C,STB3,S,32,0,0,1,0,0,1,published_only
YDR169C_T175,YDR169C,STB3,T,175,0,0,0,1,0,1,published_only
YDR169C_T340,YDR169C,STB3,T,340,0,0,0,1,0,1,published_only
YDR173C_S97,YDR173C,ARG82,S,97,0,0,0,1,0,1,published_only
YDR186C_S692,YDR186C,SND1,S,692,0,0,0,1,0,1,published_only
YDR186C_S706,YDR186C,SND1,S,706,0,0,0,1,0,1,published_only
YDR201W_Y123,YDR201W,NA,Y,123,0,0,0,1,0,1,published_only
YDR207C_T233,YDR207C,UME6,T,233,0,0,0,1,0,1,published_only
YDR207C_T249,YDR207C,UME6,T,249,0,0,0,1,0,1,published_only
YDR207C_S270,YDR207C,UME6,S,270,0,0,0,1,0,1,published_only
YDR207C_S645,YDR207C,UME6,S,645,0,0,0,1,0,1,published_only
YDR208W_T659,YDR208W,MSS4,T,659,0,0,0,1,0,1,published_only
YDR208W_S661,YDR208W,MSS4,S,661,0,0,0,1,0,1,published_only
YDR211W_T523,YDR211W,NA,T,523,0,0,0,1,0,1,published_only
YDR211W_S525,YDR211W,NA,S,525,0,0,0,1,0,1,published_only
YDR211W_S528,YDR211W,NA,S,528,0,0,0,1,0,1,published_only
YDR211W_S538,YDR211W,NA,S,538,0,0,0,1,0,1,published_only
YDR217C_S493,YDR217C,RAD9,S,493,0,0,0,1,0,1,published_only
YDR227W_T514,YDR227W,NA,T,514,0,0,0,1,0,1,published_only
YDR229W_S56,YDR229W,NA,S,56,0,0,0,1,0,1,published_only
YDR229W_S59,YDR229W,NA,S,59,0,0,0,1,0,1,published_only
YDR229W_S419,YDR229W,NA,S,419,0,0,0,1,0,1,published_only
YDR239C_S477,YDR239C,NA,S,477,0,0,0,1,0,1,published_only
YDR251W_S575,YDR251W,PAM1,S,575,0,0,0,1,0,1,published_only
YDR251W_S659,YDR251W,PAM1,S,659,0,0,0,1,0,1,published_only
YDR261C-D_S36,YDR261C-D,TY1B-DR4;TY1B-DR3;TY1B-LR3,S,36,0,0,0,1,0,1,published_only
YDR261C-D_T421,YDR261C-D,TY1B-DR4;TY1B-DR3;TY1B-LR3,T,421,0,0,0,1,0,1,published_only
YDR261C-D_T1006,YDR261C-D,TY1B-DR4;TY1B-DR3;TY1B-LR3,T,1006,0,0,0,1,0,1,published_only
YDR261C-D_S1095,YDR261C-D,TY1B-DR4;TY1B-DR3;TY1B-LR3,S,1095,0,0,0,1,0,1,published_only
YDR266C_S350,YDR266C,HEL2,S,350,0,0,0,1,0,1,published_only
YDR266C_S352,YDR266C,HEL2,S,352,0,0,0,1,0,1,published_only
YDR266C_S354,YDR266C,HEL2,S,354,0,0,0,1,0,1,published_only
YDR266C_S362,YDR266C,HEL2,S,362,0,0,1,0,0,1,published_only
YDR292C_S271,YDR292C,SRP101,S,271,0,0,0,1,0,1,published_only
YDR293C_S42,YDR293C,SSD1,S,42,0,0,0,1,0,1,published_only
YDR293C_S151,YDR293C,SSD1,S,151,0,0,0,1,0,1,published_only
YDR293C_S231,YDR293C,SSD1,S,231,0,0,0,1,0,1,published_only
YDR293C_S286,YDR293C,SSD1,S,286,0,0,0,1,0,1,published_only
YDR310C_T313,YDR310C,NA,T,313,0,0,0,1,0,1,published_only
YDR310C_S623,YDR310C,NA,S,623,0,0,0,1,0,1,published_only
YDR310C_T697,YDR310C,NA,T,697,0,0,0,1,0,1,published_only
YDR320C_S64,YDR320C,SWA2,S,64,0,0,0,1,0,1,published_only
YDR320C_S264,YDR320C,SWA2,S,264,0,0,0,1,0,1,published_only
YDR320C_S311,YDR320C,SWA2,S,311,0,0,0,1,0,1,published_only
YDR326C_S362,YDR326C,YSP2,S,362,0,0,0,1,0,1,published_only
YDR326C_S572,YDR326C,YSP2,S,572,0,0,0,1,0,1,published_only
YDR338C_S212,YDR338C,YDR338C,S,212,0,0,0,1,0,1,published_only
YDR348C_T59,YDR348C,PAL1,T,59,0,0,0,1,0,1,published_only
YDR348C_S61,YDR348C,PAL1,S,61,0,0,0,1,0,1,published_only
YDR348C_S64,YDR348C,PAL1,S,64,0,0,0,1,0,1,published_only
YDR348C_S114,YDR348C,PAL1,S,114,0,0,0,1,0,1,published_only
YDR348C_S121,YDR348C,PAL1,S,121,0,0,0,1,0,1,published_only
YDR352W_S294,YDR352W,YPQ2,S,294,0,0,0,1,0,1,published_only
YDR358W_S350,YDR358W,NA,S,350,0,0,0,1,0,1,published_only
YDR358W_T352,YDR358W,NA,T,352,0,0,0,1,0,1,published_only
YDR358W_S353,YDR358W,NA,S,353,0,0,0,1,0,1,published_only
YDR358W_S372,YDR358W,NA,S,372,0,0,0,1,0,1,published_only
YDR358W_S374,YDR358W,NA,S,374,0,0,0,1,0,1,published_only
YDR358W_S375,YDR358W,NA,S,375,0,0,0,1,0,1,published_only
YDR358W_S378,YDR358W,NA,S,378,0,0,0,1,0,1,published_only
YDR358W_S397,YDR358W,NA,S,397,0,0,0,1,0,1,published_only
YDR359C_T971,YDR359C,EAF1,T,971,0,0,1,0,0,1,published_only
YDR362C_S27,YDR362C,TFC6,S,27,0,0,0,1,0,1,published_only
YDR365C_S372,YDR365C,ESF1,S,372,0,0,0,1,0,1,published_only
YDR365C_T542,YDR365C,ESF1,T,542,0,0,0,1,0,1,published_only
YDR384C_S6,YDR384C,NA,S,6,0,0,0,1,0,1,published_only
YDR384C_S7,YDR384C,NA,S,7,0,0,0,1,0,1,published_only
YDR389W_S16,YDR389W,SAC7,S,16,0,0,0,1,0,1,published_only
YDR389W_S37,YDR389W,SAC7,S,37,0,0,0,1,0,1,published_only
YDR389W_S99,YDR389W,SAC7,S,99,0,0,0,1,0,1,published_only
YDR389W_S465,YDR389W,SAC7,S,465,0,0,0,1,0,1,published_only
YDR397C_S135,YDR397C,NA,S,135,0,0,0,1,0,1,published_only
YDR405W_S40,YDR405W,MRP20,S,40,0,0,0,1,0,1,published_only
YDR405W_S41,YDR405W,MRP20,S,41,0,0,0,1,0,1,published_only
YDR405W_S42,YDR405W,MRP20,S,42,0,0,0,1,0,1,published_only
YDR409W_S704,YDR409W,SIZ1,S,704,0,0,1,0,0,1,published_only
YDR425W_S507,YDR425W,NA,S,507,0,0,0,1,0,1,published_only
YDR428C_S9,YDR428C,BNA7,S,9,0,0,0,1,0,1,published_only
YDR430C_S920,YDR430C,CYM1,S,920,0,0,0,1,0,1,published_only
YDR432W_S224,YDR432W,NPL3,S,224,0,0,0,1,0,1,published_only
YDR439W_S230,YDR439W,LRS4,S,230,0,0,0,1,0,1,published_only
YDR443C_S425,YDR443C,SSN2,S,425,0,1,0,0,0,1,published_only
YDR443C_S636,YDR443C,SSN2,S,636,0,1,0,0,0,1,published_only
YDR443C_S748,YDR443C,SSN2,S,748,0,1,0,0,0,1,published_only
YDR458C_T152,YDR458C,HEH2,T,152,0,0,0,1,0,1,published_only
YDR460W_T258,YDR460W,TFB3,T,258,0,0,0,1,0,1,published_only
YDR475C_S552,YDR475C,NA,S,552,0,0,0,1,0,1,published_only
YDR477W_S211,YDR477W,SNF1,S,211,0,0,0,1,0,1,published_only
YDR477W_S413,YDR477W,SNF1,S,413,0,0,0,1,0,1,published_only
YDR485C_S472,YDR485C,VPS72,S,472,0,0,0,1,0,1,published_only
YDR490C_S294,YDR490C,PKH1,S,294,0,0,0,1,0,1,published_only
YDR507C_S419,YDR507C,GIN4,S,419,0,0,0,1,0,1,published_only
YDR507C_S460,YDR507C,GIN4,S,460,0,0,0,1,0,1,published_only
YDR507C_S465,YDR507C,GIN4,S,465,0,0,0,1,0,1,published_only
YDR507C_S689,YDR507C,GIN4,S,689,0,0,0,1,0,1,published_only
YDR507C_S750,YDR507C,GIN4,S,750,0,0,0,1,0,1,published_only
YDR507C_S883,YDR507C,GIN4,S,883,0,0,0,1,0,1,published_only
YDR507C_T884,YDR507C,GIN4,T,884,0,0,0,1,0,1,published_only
YDR508C_S45,YDR508C,GNP1,S,45,0,0,1,0,0,1,published_only
YDR515W_S40,YDR515W,SLF1,S,40,0,0,0,1,0,1,published_only
YDR517W_S164,YDR517W,GRH1,S,164,0,0,0,1,0,1,published_only
YEL015W_S255,YEL015W,NA,S,255,0,0,0,1,0,1,published_only
YEL015W_S257,YEL015W,NA,S,257,0,0,0,1,0,1,published_only
YEL015W_S261,YEL015W,NA,S,261,0,0,0,1,0,1,published_only
YEL017W_S62,YEL017W,GTT3,S,62,0,0,0,1,0,1,published_only
YEL017W_S116,YEL017W,GTT3,S,116,0,0,0,1,0,1,published_only
YEL037C_T94,YEL037C,NA,T,94,0,0,0,1,0,1,published_only
YEL043W_T522,YEL043W,Uncharacterized protein YEL043W,T,522,0,0,0,1,0,1,published_only
YEL062W_S362,YEL062W,NPR2,S,362,0,0,0,1,0,1,published_only
YER016W_S147,YER016W,NA,S,147,0,0,0,1,0,1,published_only
YER016W_S148,YER016W,NA,S,148,0,0,0,1,0,1,published_only
YER016W_S149,YER016W,NA,S,149,0,0,0,1,0,1,published_only
YER016W_S176,YER016W,NA,S,176,0,0,0,1,0,1,published_only
YER031C_S44,YER031C,YPT31,S,44,0,0,0,1,0,1,published_only
YER032W_S84,YER032W,FIR1,S,84,0,0,0,1,0,1,published_only
YER032W_S399,YER032W,FIR1,S,399,0,0,0,1,0,1,published_only
YER040W_S550,YER040W,GLN3,S,550,0,0,0,1,0,1,published_only
YER040W_S684,YER040W,GLN3,S,684,0,0,0,1,0,1,published_only
YER052C_S332,YER052C,NA,S,332,0,0,0,1,0,1,published_only
YER052C_T333,YER052C,NA,T,333,0,0,0,1,0,1,published_only
YER052C_S342,YER052C,NA,S,342,0,0,0,1,0,1,published_only
YER052C_S344,YER052C,NA,S,344,0,0,0,1,0,1,published_only
YER054C_S219,YER054C,GIP2,S,219,0,0,0,1,0,1,published_only
YER059W_S22,YER059W,NA,S,22,0,0,0,1,0,1,published_only
YER059W_S25,YER059W,NA,S,25,0,0,0,1,0,1,published_only
YER063W_S45,YER063W,NA,S,45,0,0,0,1,0,1,published_only
YER063W_S48,YER063W,NA,S,48,0,0,0,1,0,1,published_only
YER079W_S10,YER079W,YER079W,S,10,0,0,1,0,0,1,published_only
YER079W_S41,YER079W,YER079W,S,41,0,0,0,1,0,1,published_only
YER088C_T602,YER088C,DOT6,T,602,0,0,1,0,0,1,published_only
YER088C_T623,YER088C,DOT6,T,623,0,0,1,0,0,1,published_only
YER091C_S706,YER091C,MET6,S,706,0,0,0,1,0,1,published_only
YER093C_S50,YER093C,TSC11,S,50,0,0,0,1,0,1,published_only
YER093C_S84,YER093C,TSC11,S,84,0,0,0,1,0,1,published_only
YER093C_S87,YER093C,TSC11,S,87,0,0,0,1,0,1,published_only
YER111C_T20,YER111C,NA,T,20,0,0,0,1,0,1,published_only
YER114C_S373,YER114C,BOI2,S,373,0,0,0,1,0,1,published_only
YER114C_S375,YER114C,BOI2,S,375,0,0,0,1,0,1,published_only
YER114C_S519,YER114C,BOI2,S,519,0,0,0,1,0,1,published_only
YER114C_S523,YER114C,BOI2,S,523,0,0,0,1,0,1,published_only
YER114C_S665,YER114C,BOI2,S,665,0,0,0,1,0,1,published_only
YER114C_S666,YER114C,BOI2,S,666,0,0,0,1,0,1,published_only
YER114C_S667,YER114C,BOI2,S,667,0,0,0,1,0,1,published_only
YER114C_S683,YER114C,BOI2,S,683,0,0,0,1,0,1,published_only
YER120W_T200,YER120W,SCS2,T,200,0,0,1,0,0,1,published_only
YER120W_T204,YER120W,SCS2,T,204,0,0,0,1,0,1,published_only
YER122C_S398,YER122C,GLO3,S,398,0,0,0,1,0,1,published_only
YER123W_S408,YER123W,NA,S,408,0,0,0,1,0,1,published_only
YER132C_S1642,YER132C,PMD1,S,1642,0,0,0,1,0,1,published_only
YER132C_S1664,YER132C,PMD1,S,1664,0,0,0,1,0,1,published_only
YER143W_T346,YER143W,DDI1,T,346,0,0,0,1,0,1,published_only
YER151C_T334,YER151C,NA,T,334,0,0,0,1,0,1,published_only
YER155C_S40,YER155C,NA,S,40,0,0,0,1,0,1,published_only
YER164W_S1300,YER164W,CHD1,S,1300,0,0,1,0,0,1,published_only
YER164W_T1341,YER164W,CHD1,T,1341,0,0,0,1,0,1,published_only
YER166W_S1506,YER166W,DNF1,S,1506,0,0,0,1,0,1,published_only
YER169W_S410,YER169W,RPH1,S,410,0,0,0,1,0,1,published_only
YER169W_S412,YER169W,RPH1,S,412,0,0,1,0,0,1,published_only
YER169W_S459,YER169W,RPH1,S,459,0,0,0,1,0,1,published_only
YER169W_S557,YER169W,RPH1,S,557,0,0,0,1,0,1,published_only
YER169W_S561,YER169W,RPH1,S,561,0,0,0,1,0,1,published_only
YER169W_S575,YER169W,RPH1,S,575,0,0,0,1,0,1,published_only
YER169W_S584,YER169W,RPH1,S,584,0,0,0,1,0,1,published_only
YER169W_S587,YER169W,RPH1,S,587,0,0,0,1,0,1,published_only
YER169W_S588,YER169W,RPH1,S,588,0,0,0,1,0,1,published_only
YER176W_S212,YER176W,NA,S,212,0,0,0,1,0,1,published_only
YFL004W_S187,YFL004W,VTC2,S,187,0,0,0,1,0,1,published_only
YFL007W_S35,YFL007W,BLM10,S,35,0,0,0,1,0,1,published_only
YFL007W_S56,YFL007W,BLM10,S,56,0,0,0,1,0,1,published_only
YFL007W_T64,YFL007W,BLM10,T,64,0,0,0,1,0,1,published_only
YFL013C_S493,YFL013C,IES1,S,493,0,0,0,1,0,1,published_only
YFL013C_T567,YFL013C,IES1,T,567,0,0,0,0,1,1,published_only
YFL014W_S59,YFL014W,NA,S,59,0,0,0,1,0,1,published_only
YFL014W_S73,YFL014W,NA,S,73,0,0,0,1,0,1,published_only
YFL021W_S262,YFL021W,GAT1,S,262,0,0,0,1,0,1,published_only
YFL021W_S264,YFL021W,GAT1,S,264,0,0,0,1,0,1,published_only
YFL021W_S270,YFL021W,GAT1,S,270,0,0,0,1,0,1,published_only
YFL021W_S289,YFL021W,GAT1,S,289,0,0,0,1,0,1,published_only
YFL021W_T369,YFL021W,GAT1,T,369,0,0,0,1,0,1,published_only
YFL021W_S399,YFL021W,GAT1,S,399,0,0,0,1,0,1,published_only
YFL021W_S418,YFL021W,GAT1,S,418,0,0,0,1,0,1,published_only
YFL033C_S1047,YFL033C,RIM15,S,1047,0,0,0,1,0,1,published_only
YFL033C_S1048,YFL033C,RIM15,S,1048,0,0,0,1,0,1,published_only
YFL033C_S1421,YFL033C,RIM15,S,1421,0,0,0,1,0,1,published_only
YFL033C_S1502,YFL033C,RIM15,S,1502,0,0,0,1,0,1,published_only
YFL034W_S1037,YFL034W,YFL034W,S,1037,0,0,0,1,0,1,published_only
YFL042C_S103,YFL042C,NA,S,103,0,0,0,1,0,1,published_only
YFL042C_S106,YFL042C,NA,S,106,0,0,0,1,0,1,published_only
YFL042C_S108,YFL042C,NA,S,108,0,0,0,1,0,1,published_only
YFL042C_T109,YFL042C,NA,T,109,0,0,0,1,0,1,published_only
YFL042C_T110,YFL042C,NA,T,110,0,0,0,1,0,1,published_only
YFL042C_S113,YFL042C,NA,S,113,0,0,0,1,0,1,published_only
YFR015C_S655,YFR015C,GSY1,S,655,0,0,1,0,0,1,published_only
YFR016C_S180,YFR016C,YFR016C,S,180,0,0,0,1,0,1,published_only
YFR019W_S391,YFR019W,FAB1,S,391,0,0,0,1,0,1,published_only
YFR019W_S1938,YFR019W,FAB1,S,1938,0,0,0,1,0,1,published_only
YFR019W_S1941,YFR019W,FAB1,S,1941,0,0,0,1,0,1,published_only
YFR019W_T1953,YFR019W,FAB1,T,1953,0,0,0,1,0,1,published_only
YFR028C_S429,YFR028C,NA,S,429,0,0,0,1,0,1,published_only
YFR040W_S55,YFR040W,NA,S,55,0,0,0,1,0,1,published_only
YFR040W_S58,YFR040W,NA,S,58,0,0,0,1,0,1,published_only
YFR053C_S15,YFR053C,NA,S,15,0,0,0,1,0,1,published_only
YGL008C_S899,YGL008C,NA,S,899,0,0,0,0,1,1,published_only
YGL013C_S948,YGL013C,PDR1,S,948,0,0,0,1,0,1,published_only
YGL014W_S241,YGL014W,NA,S,241,0,0,0,1,0,1,published_only
YGL023C_S53,YGL023C,PIB2,S,53,0,0,0,1,0,1,published_only
YGL023C_S165,YGL023C,PIB2,S,165,0,0,0,1,0,1,published_only
YGL023C_S381,YGL023C,PIB2,S,381,0,0,0,1,0,1,published_only
YGL035C_S310,YGL035C,MIG1,S,310,0,0,0,1,0,1,published_only
YGL035C_S311,YGL035C,MIG1,S,311,0,0,0,1,0,1,published_only
YGL035C_T369,YGL035C,MIG1,T,369,0,0,0,1,0,1,published_only
YGL035C_S377,YGL035C,MIG1,S,377,0,0,0,1,0,1,published_only
YGL049C_T189,YGL049C,TIF4632,T,189,0,0,1,0,0,1,published_only
YGL049C_T196,YGL049C,TIF4632,T,196,0,0,0,1,0,1,published_only
YGL066W_T200,YGL066W,SGF73,T,200,0,0,0,1,0,1,published_only
YGL076C_S11,YGL076C,RPL7A,S,11,0,0,0,1,0,1,published_only
YGL077C_S42,YGL077C,NA,S,42,0,0,0,0,1,1,published_only
YGL083W_S704,YGL083W,SCY1,S,704,0,0,0,1,0,1,published_only
YGL093W_T355,YGL093W,SPC105,T,355,0,0,0,1,0,1,published_only
YGL099W_T607,YGL099W,LSG1,T,607,0,0,1,0,0,1,published_only
YGL104C_S7,YGL104C,VPS73,S,7,0,0,0,1,0,1,published_only
YGL110C_S377,YGL110C,NA,S,377,0,0,0,1,0,1,published_only
YGL110C_S383,YGL110C,NA,S,383,0,0,0,1,0,1,published_only
YGL139W_S639,YGL139W,NA,S,639,0,0,0,1,0,1,published_only
YGL139W_T642,YGL139W,NA,T,642,0,0,0,1,0,1,published_only
YGL139W_T688,YGL139W,NA,T,688,0,0,0,1,0,1,published_only
YGL139W_S782,YGL139W,NA,S,782,0,0,0,1,0,1,published_only
YGL181W_S236,YGL181W,GTS1,S,236,0,0,0,1,0,1,published_only
YGL181W_S237,YGL181W,GTS1,S,237,0,0,0,1,0,1,published_only
YGL181W_S242,YGL181W,GTS1,S,242,0,0,0,1,0,1,published_only
YGL181W_S248,YGL181W,GTS1,S,248,0,0,0,1,0,1,published_only
YGL197W_S474,YGL197W,MDS3,S,474,0,0,0,1,0,1,published_only
YGL197W_T636,YGL197W,MDS3,T,636,0,0,0,1,0,1,published_only
YGL197W_S693,YGL197W,MDS3,S,693,0,0,0,1,0,1,published_only
YGL197W_S918,YGL197W,MDS3,S,918,0,0,0,1,0,1,published_only
YGL197W_S1295,YGL197W,MDS3,S,1295,0,0,0,1,0,1,published_only
YGL197W_S1387,YGL197W,MDS3,S,1387,0,0,0,1,0,1,published_only
YGL208W_S274,YGL208W,NA,S,274,0,0,0,1,0,1,published_only
YGL227W_T157,YGL227W,NA,T,157,0,0,0,1,0,1,published_only
YGL227W_S248,YGL227W,NA,S,248,0,0,0,1,0,1,published_only
YGL244W_S181,YGL244W,RTF1,S,181,0,1,0,0,0,1,published_only
YGL253W_S15,YGL253W,NA,S,15,0,0,0,0,1,1,published_only
YGR004W_S432,YGR004W,PEX31,S,432,0,0,0,1,0,1,published_only
YGR008C_S69,YGR008C,NA,S,69,0,0,0,1,0,1,published_only
YGR009C_S315,YGR009C,SEC9,S,315,0,0,0,1,0,1,published_only
YGR009C_S359,YGR009C,SEC9,S,359,0,0,0,1,0,1,published_only
YGR048W_S354,YGR048W,NA,S,354,0,0,0,0,1,1,published_only
YGR054W_S561,YGR054W,YGR054W,S,561,0,0,0,1,0,1,published_only
YGR054W_T563,YGR054W,YGR054W,T,563,0,0,0,1,0,1,published_only
YGR054W_T568,YGR054W,YGR054W,T,568,0,0,0,1,0,1,published_only
YGR058W_S126,YGR058W,PEF1,S,126,0,0,0,1,0,1,published_only
YGR080W_S172,YGR080W,TWF1,S,172,0,0,0,1,0,1,published_only
YGR086C_S16,YGR086C,PIL1,S,16,0,0,0,1,0,1,published_only
YGR086C_S45,YGR086C,PIL1,S,45,0,0,0,1,0,1,published_only
YGR086C_S163,YGR086C,PIL1,S,163,0,0,0,1,0,1,published_only
YGR090W_S10,YGR090W,NA,S,10,0,0,0,1,0,1,published_only
YGR097W_T808,YGR097W,ASK10,T,808,0,0,0,1,0,1,published_only
YGR097W_T1017,YGR097W,ASK10,T,1017,0,0,0,1,0,1,published_only
YGR097W_S1045,YGR097W,ASK10,S,1045,0,0,0,1,0,1,published_only
YGR100W_S868,YGR100W,MDR1,S,868,0,0,0,1,0,1,published_only
YGR100W_S871,YGR100W,MDR1,S,871,0,0,0,1,0,1,published_only
YGR116W_S148,YGR116W,NA,S,148,0,0,0,1,0,1,published_only
YGR116W_S155,YGR116W,NA,S,155,0,0,0,1,0,1,published_only
YGR130C_S247,YGR130C,NA,S,247,0,0,0,1,0,1,published_only
YGR130C_S343,YGR130C,NA,S,343,0,0,0,1,0,1,published_only
YGR130C_S347,YGR130C,NA,S,347,0,0,0,1,0,1,published_only
YGR140W_T664,YGR140W,NA,T,664,0,0,0,1,0,1,published_only
YGR143W_S144,YGR143W,SKN1,S,144,0,0,0,1,0,1,published_only
YGR149W_S403,YGR149W,NA,S,403,0,0,0,1,0,1,published_only
YGR149W_S406,YGR149W,NA,S,406,0,0,0,1,0,1,published_only
YGR159C_S143,YGR159C,NSR1,S,143,0,1,0,0,0,1,published_only
YGR161C_S214,YGR161C,RTS3,S,214,0,0,0,1,0,1,published_only
YGR162W_S522,YGR162W,TIF4631,S,522,0,0,0,0,1,1,published_only
YGR178C_S284,YGR178C,NA,S,284,0,0,0,1,0,1,published_only
YGR178C_T353,YGR178C,NA,T,353,0,0,0,1,0,1,published_only
YGR178C_S453,YGR178C,NA,S,453,0,0,0,1,0,1,published_only
YGR178C_S456,YGR178C,NA,S,456,0,0,0,1,0,1,published_only
YGR186W_T200,YGR186W,TFG1,T,200,0,0,0,1,0,1,published_only
YGR186W_T673,YGR186W,TFG1,T,673,0,1,0,0,0,1,published_only
YGR191W_S41,YGR191W,HIP1,S,41,0,0,1,0,0,1,published_only
YGR196C_S100,YGR196C,FYV8,S,100,0,0,0,1,0,1,published_only
YGR196C_T227,YGR196C,FYV8,T,227,0,0,0,1,0,1,published_only
YGR196C_T229,YGR196C,FYV8,T,229,0,0,0,1,0,1,published_only
YGR196C_T440,YGR196C,FYV8,T,440,0,0,0,1,0,1,published_only
YGR196C_S441,YGR196C,FYV8,S,441,0,0,0,1,0,1,published_only
YGR202C_S346,YGR202C,PCT1,S,346,0,1,0,0,0,1,published_only
YGR206W_S94,YGR206W,MVB12,S,94,0,0,0,1,0,1,published_only
YGR217W_S284,YGR217W,NA,S,284,0,0,0,0,1,1,published_only
YGR229C_S420,YGR229C,SMI1,S,420,0,0,0,1,0,1,published_only
YGR238C_T455,YGR238C,KEL2,T,455,0,0,0,1,0,1,published_only
YGR240C_S185,YGR240C,NA,S,185,0,0,0,1,0,1,published_only
YGR240C_S188,YGR240C,NA,S,188,0,0,0,1,0,1,published_only
YGR244C_S102,YGR244C,LSC2,S,102,0,0,0,1,0,1,published_only
YGR263C_S9,YGR263C,SAY1,S,9,0,0,1,0,0,1,published_only
YGR267C_T22,YGR267C,FOL2,T,22,0,0,0,1,0,1,published_only
YGR267C_S23,YGR267C,FOL2,S,23,0,0,0,1,0,1,published_only
YGR281W_S18,YGR281W,NA,S,18,0,0,0,1,0,1,published_only
YGR281W_S24,YGR281W,NA,S,24,0,0,0,1,0,1,published_only
YGR285C_S50,YGR285C,NA,S,50,0,0,0,1,0,1,published_only
YHL007C_S192,YHL007C,STE20,S,192,0,0,0,1,0,1,published_only
YHL007C_S195,YHL007C,STE20,S,195,0,0,0,1,0,1,published_only
YHL007C_T203,YHL007C,STE20,T,203,0,0,0,1,0,1,published_only
YHL007C_T207,YHL007C,STE20,T,207,0,0,0,1,0,1,published_only
YHL007C_S214,YHL007C,STE20,S,214,0,0,0,1,0,1,published_only
YHL007C_T512,YHL007C,STE20,T,512,0,0,0,1,0,1,published_only
YHL007C_T516,YHL007C,STE20,T,516,0,0,0,1,0,1,published_only
YHL007C_T546,YHL007C,STE20,T,546,0,0,0,1,0,1,published_only
YHL007C_S547,YHL007C,STE20,S,547,0,0,0,1,0,1,published_only
YHL007C_S551,YHL007C,STE20,S,551,0,0,0,1,0,1,published_only
YHL007C_T552,YHL007C,STE20,T,552,0,0,0,1,0,1,published_only
YHL007C_S562,YHL007C,STE20,S,562,0,0,0,1,0,1,published_only
YHL025W_T165,YHL025W,SNF6,T,165,0,0,0,1,0,1,published_only
YHR016C_S301,YHR016C,NA,S,301,0,0,0,1,0,1,published_only
YHR016C_S374,YHR016C,NA,S,374,0,0,0,1,0,1,published_only
YHR036W_S40,YHR036W,BRL1,S,40,0,0,0,1,0,1,published_only
YHR036W_S130,YHR036W,BRL1,S,130,0,0,0,1,0,1,published_only
YHR040W_S330,YHR040W,NA,S,330,0,0,0,1,0,1,published_only
YHR064C_S480,YHR064C,SSZ1,S,480,0,0,0,1,0,1,published_only
YHR073W_T323,YHR073W,NA,T,323,0,0,0,1,0,1,published_only
YHR073W_T325,YHR073W,NA,T,325,0,0,0,1,0,1,published_only
YHR082C_T526,YHR082C,KSP1,T,526,0,0,1,0,0,1,published_only
YHR084W_S400,YHR084W,STE12,S,400,0,0,0,1,0,1,published_only
YHR090C_S183,YHR090C,YNG2,S,183,0,0,1,0,0,1,published_only
YHR094C_S16,YHR094C,HXT1,S,16,0,0,0,1,0,1,published_only
YHR094C_S38,YHR094C,HXT1,S,38,0,0,0,1,0,1,published_only
YHR097C_T76,YHR097C,YHR097C,T,76,0,0,0,1,0,1,published_only
YHR097C_S203,YHR097C,YHR097C,S,203,0,0,0,1,0,1,published_only
YHR097C_S222,YHR097C,YHR097C,S,222,0,0,0,1,0,1,published_only
YHR097C_T223,YHR097C,YHR097C,T,223,0,0,0,1,0,1,published_only
YHR097C_T224,YHR097C,YHR097C,T,224,0,0,0,1,0,1,published_only
YHR098C_S101,YHR098C,NA,S,101,0,0,0,1,0,1,published_only
YHR098C_S104,YHR098C,NA,S,104,0,0,0,1,0,1,published_only
YHR098C_S105,YHR098C,NA,S,105,0,0,0,1,0,1,published_only
YHR099W_S542,YHR099W,TRA1,S,542,0,0,0,1,0,1,published_only
YHR107C_T318,YHR107C,CDC12,T,318,0,0,0,1,0,1,published_only
YHR107C_T326,YHR107C,CDC12,T,326,0,0,0,1,0,1,published_only
YHR119W_T659,YHR119W,NA,T,659,0,0,0,1,0,1,published_only
YHR135C_S39,YHR135C,NA,S,39,0,0,0,1,0,1,published_only
YHR154W_T532,YHR154W,RTT107,T,532,0,0,0,1,0,1,published_only
YHR158C_S32,YHR158C,KEL1,S,32,0,0,0,1,0,1,published_only
YHR158C_S34,YHR158C,KEL1,S,34,0,0,0,1,0,1,published_only
YHR158C_S67,YHR158C,KEL1,S,67,0,0,0,1,0,1,published_only
YHR158C_T572,YHR158C,KEL1,T,572,0,0,0,1,0,1,published_only
YHR158C_S613,YHR158C,KEL1,S,613,0,0,0,1,0,1,published_only
YHR158C_S691,YHR158C,KEL1,S,691,0,0,0,1,0,1,published_only
YHR158C_S748,YHR158C,KEL1,S,748,0,0,0,1,0,1,published_only
YHR158C_T1001,YHR158C,KEL1,T,1001,0,0,0,1,0,1,published_only
YHR158C_S1003,YHR158C,KEL1,S,1003,0,1,0,0,0,1,published_only
YIL003W_S291,YIL003W,NA,S,291,0,0,0,1,0,1,published_only
YIL033C_S74,YIL033C,BCY1,S,74,0,0,0,1,0,1,published_only
YIL033C_S77,YIL033C,BCY1,S,77,0,0,0,1,0,1,published_only
YIL033C_S83,YIL033C,BCY1,S,83,0,0,0,1,0,1,published_only
YIL033C_S84,YIL033C,BCY1,S,84,0,0,0,1,0,1,published_only
YIL033C_T131,YIL033C,BCY1,T,131,0,0,0,1,0,1,published_only
YIL036W_S557,YIL036W,CST6,S,557,0,0,0,1,0,1,published_only
YIL036W_T559,YIL036W,CST6,T,559,0,0,0,1,0,1,published_only
YIL038C_T293,YIL038C,NOT3,T,293,0,0,0,1,0,1,published_only
YIL038C_T305,YIL038C,NOT3,T,305,0,0,1,0,0,1,published_only
YIL038C_T319,YIL038C,NOT3,T,319,0,0,0,1,0,1,published_only
YIL038C_S322,YIL038C,NOT3,S,322,0,0,0,1,0,1,published_only
YIL038C_S442,YIL038C,NOT3,S,442,0,0,0,1,0,1,published_only
YIL038C_S446,YIL038C,NOT3,S,446,0,0,0,1,0,1,published_only
YIL038C_S450,YIL038C,NOT3,S,450,0,0,0,1,0,1,published_only
YIL038C_T454,YIL038C,NOT3,T,454,0,0,0,1,0,1,published_only
YIL050W_T12,YIL050W,PCL7,T,12,0,0,0,1,0,1,published_only
YIL050W_S58,YIL050W,PCL7,S,58,0,0,0,1,0,1,published_only
YIL055C_S559,YIL055C,YIL055C,S,559,0,0,0,1,0,1,published_only
YIL107C_T157,YIL107C,PFK26,T,157,0,0,0,1,0,1,published_only
YIL107C_S644,YIL107C,PFK26,S,644,0,0,0,1,0,1,published_only
YIL107C_S652,YIL107C,PFK26,S,652,0,0,0,1,0,1,published_only
YIL107C_S667,YIL107C,PFK26,S,667,0,0,0,1,0,1,published_only
YIL115C_S735,YIL115C,NUP159,S,735,0,0,0,1,0,1,published_only
YIL126W_S38,YIL126W,STH1,S,38,0,0,0,1,0,1,published_only
YIL135C_S174,YIL135C,VHS2,S,174,0,0,0,1,0,1,published_only
YIL135C_S175,YIL135C,VHS2,S,175,0,0,0,1,0,1,published_only
YIL135C_S177,YIL135C,VHS2,S,177,0,0,0,1,0,1,published_only
YIL138C_S157,YIL138C,TPM2,S,157,0,1,0,0,0,1,published_only
YIL140W_S597,YIL140W,AXL2,S,597,0,0,0,1,0,1,published_only
YIL140W_T599,YIL140W,AXL2,T,599,0,0,0,1,0,1,published_only
YIL140W_S601,YIL140W,AXL2,S,601,0,0,0,1,0,1,published_only
YIL140W_S604,YIL140W,AXL2,S,604,0,0,0,1,0,1,published_only
YIL140W_S605,YIL140W,AXL2,S,605,0,0,0,1,0,1,published_only
YIL140W_S614,YIL140W,AXL2,S,614,0,0,0,1,0,1,published_only
YIL140W_S625,YIL140W,AXL2,S,625,0,0,0,1,0,1,published_only
YIL140W_S673,YIL140W,AXL2,S,673,0,0,0,1,0,1,published_only
YIL144W_S100,YIL144W,NDC80,S,100,0,1,0,0,0,1,published_only
YIL153W_S341,YIL153W,NA,S,341,0,0,0,1,0,1,published_only
YIL161W_T25,YIL161W,YIL161W,T,25,0,0,1,0,0,1,published_only
YIR003W_S36,YIR003W,AIM21,S,36,0,0,0,1,0,1,published_only
YIR003W_S167,YIR003W,AIM21,S,167,0,0,0,1,0,1,published_only
YIR003W_S169,YIR003W,AIM21,S,169,0,0,0,1,0,1,published_only
YIR003W_S625,YIR003W,AIM21,S,625,0,0,0,1,0,1,published_only
YIR006C_S748,YIR006C,PAN1,S,748,0,0,0,1,0,1,published_only
YIR006C_S991,YIR006C,PAN1,S,991,0,0,0,1,0,1,published_only
YIR023W_S863,YIR023W,NA,S,863,0,0,0,1,0,1,published_only
YIR023W_S869,YIR023W,NA,S,869,0,0,0,1,0,1,published_only
YIR033W_T465,YIR033W,MGA2,T,465,0,0,0,1,0,1,published_only
YIR033W_S467,YIR033W,MGA2,S,467,0,0,0,1,0,1,published_only
YJL005W_S27,YJL005W,CYR1,S,27,0,0,0,1,0,1,published_only
YJL005W_S420,YJL005W,CYR1,S,420,0,0,0,1,0,1,published_only
YJL010C_T384,YJL010C,NA,T,384,0,0,0,1,0,1,published_only
YJL010C_T385,YJL010C,NA,T,385,0,0,0,1,0,1,published_only
YJL020C_S621,YJL020C,BBC1,S,621,0,0,0,1,0,1,published_only
YJL020C_S631,YJL020C,BBC1,S,631,0,0,0,1,0,1,published_only
YJL020C_S634,YJL020C,BBC1,S,634,0,0,0,1,0,1,published_only
YJL029C_S790,YJL029C,NA,S,790,0,0,0,1,0,1,published_only
YJL039C_T400,YJL039C,NA,T,400,0,0,0,1,0,1,published_only
YJL039C_T401,YJL039C,NA,T,401,0,0,0,1,0,1,published_only
YJL039C_T403,YJL039C,NA,T,403,0,0,0,1,0,1,published_only
YJL041W_T281,YJL041W,NSP1,T,281,0,0,0,1,0,1,published_only
YJL042W_S174,YJL042W,NA,S,174,0,0,0,1,0,1,published_only
YJL042W_S176,YJL042W,NA,S,176,0,0,0,1,0,1,published_only
YJL051W_S193,YJL051W,IRC8,S,193,0,0,0,1,0,1,published_only
YJL055W_Y121,YJL055W,YJL055W,Y,121,0,0,0,1,0,1,published_only
YJL058C_S140,YJL058C,NA,S,140,0,0,0,1,0,1,published_only
YJL058C_S144,YJL058C,NA,S,144,0,0,0,1,0,1,published_only
YJL070C_S41,YJL070C,YJL070C,S,41,0,0,0,1,0,1,published_only
YJL076W_S385,YJL076W,NET1,S,385,0,0,0,1,0,1,published_only
YJL080C_S63,YJL080C,SCP160,S,63,0,0,0,1,0,1,published_only
YJL080C_S1112,YJL080C,SCP160,S,1112,0,0,0,1,0,1,published_only
YJL095W_S342,YJL095W,BCK1,S,342,0,0,0,1,0,1,published_only
YJL095W_S1058,YJL095W,BCK1,S,1058,0,0,0,1,0,1,published_only
YJL095W_S1061,YJL095W,BCK1,S,1061,0,0,0,1,0,1,published_only
YJL123C_S75,YJL123C,NA,S,75,0,0,0,1,0,1,published_only
YJL123C_S337,YJL123C,NA,S,337,0,0,0,1,0,1,published_only
YJL123C_S339,YJL123C,NA,S,339,0,0,0,1,0,1,published_only
YJL123C_S340,YJL123C,NA,S,340,0,0,0,1,0,1,published_only
YJL123C_S436,YJL123C,NA,S,436,0,0,0,1,0,1,published_only
YJL128C_S68,YJL128C,NA,S,68,0,0,0,1,0,1,published_only
YJL128C_S71,YJL128C,NA,S,71,0,0,0,1,0,1,published_only
YJL128C_S248,YJL128C,NA,S,248,0,0,0,1,0,1,published_only
YJL128C_S250,YJL128C,NA,S,250,0,0,0,1,0,1,published_only
YJL129C_S534,YJL129C,NA,S,534,0,0,0,1,0,1,published_only
YJL141C_S127,YJL141C,NA,S,127,0,0,0,1,0,1,published_only
YJL141C_S128,YJL141C,NA,S,128,0,0,0,1,0,1,published_only
YJL155C_S446,YJL155C,FBP26,S,446,0,0,0,1,0,1,published_only
YJL168C_S524,YJL168C,SET2,S,524,0,0,0,1,0,1,published_only
YJL176C_T229,YJL176C,NA,T,229,0,0,0,1,0,1,published_only
YJL176C_T235,YJL176C,NA,T,235,0,0,0,1,0,1,published_only
YJL198W_S102,YJL198W,PHO90,S,102,0,0,0,1,0,1,published_only
YJL201W_T413,YJL201W,ECM25,T,413,0,0,0,1,0,1,published_only
YJL201W_S436,YJL201W,ECM25,S,436,0,0,0,1,0,1,published_only
YJL207C_S1640,YJL207C,LAA1,S,1640,0,0,0,1,0,1,published_only
YJL207C_T1648,YJL207C,LAA1,T,1648,0,0,0,1,0,1,published_only
YJR001W_S8,YJR001W,NA,S,8,0,0,0,0,1,1,published_only
YJR001W_S50,YJR001W,NA,S,50,0,0,0,0,1,1,published_only
YJR001W_S58,YJR001W,NA,S,58,0,0,0,0,1,1,published_only
YJR001W_S77,YJR001W,NA,S,77,0,0,0,0,1,1,published_only
YJR001W_S90,YJR001W,NA,S,90,0,0,0,0,1,1,published_only
YJR001W_S187,YJR001W,NA,S,187,0,0,0,1,0,1,published_only
YJR033C_S1244,YJR033C,RAV1,S,1244,0,0,0,1,0,1,published_only
YJR052W_S85,YJR052W,RAD7,S,85,0,0,0,1,0,1,published_only
YJR059W_S57,YJR059W,PTK2,S,57,0,0,0,1,0,1,published_only
YJR059W_S59,YJR059W,PTK2,S,59,0,0,0,1,0,1,published_only
YJR059W_S63,YJR059W,PTK2,S,63,0,0,1,0,0,1,published_only
YJR059W_S65,YJR059W,PTK2,S,65,0,0,0,1,0,1,published_only
YJR059W_S69,YJR059W,PTK2,S,69,0,0,0,1,0,1,published_only
YJR059W_S101,YJR059W,PTK2,S,101,0,0,1,0,0,1,published_only
YJR059W_S630,YJR059W,PTK2,S,630,0,0,0,1,0,1,published_only
YJR059W_T704,YJR059W,PTK2,T,704,0,0,0,1,0,1,published_only
YJR059W_S774,YJR059W,PTK2,S,774,0,0,0,1,0,1,published_only
YJR059W_S775,YJR059W,PTK2,S,775,0,0,0,1,0,1,published_only
YJR059W_S781,YJR059W,PTK2,S,781,0,0,0,1,0,1,published_only
YJR059W_S784,YJR059W,PTK2,S,784,0,0,0,1,0,1,published_only
YJR060W_T138,YJR060W,NA,T,138,0,0,0,1,0,1,published_only
YJR060W_S164,YJR060W,NA,S,164,0,0,0,1,0,1,published_only
YJR070C_S281,YJR070C,LIA1,S,281,0,0,0,1,0,1,published_only
YJR076C_S305,YJR076C,CDC11,S,305,0,0,0,1,0,1,published_only
YJR083C_S62,YJR083C,ACF4,S,62,0,0,0,1,0,1,published_only
YJR083C_S71,YJR083C,ACF4,S,71,0,0,0,1,0,1,published_only
YJR083C_S74,YJR083C,ACF4,S,74,0,0,0,1,0,1,published_only
YJR083C_S78,YJR083C,ACF4,S,78,0,0,0,1,0,1,published_only
YJR083C_S156,YJR083C,ACF4,S,156,0,0,0,1,0,1,published_only
YJR089W_S525,YJR089W,NA,S,525,0,0,0,1,0,1,published_only
YJR090C_S199,YJR090C,GRR1,S,199,0,0,0,1,0,1,published_only
YJR091C_S157,YJR091C,JSN1,S,157,0,0,0,1,0,1,published_only
YJR098C_S138,YJR098C,YJR098C,S,138,0,0,0,1,0,1,published_only
YJR132W_S977,YJR132W,NMD5,S,977,0,0,0,1,0,1,published_only
YJR138W_S680,YJR138W,IML1,S,680,0,0,0,1,0,1,published_only
YJR138W_S737,YJR138W,IML1,S,737,0,0,0,1,0,1,published_only
YJR139C_S231,YJR139C,HOM6,S,231,0,0,0,1,0,1,published_only
YJR145C_S247,YJR145C,NA,S,247,0,0,0,0,1,1,published_only
YKL025C_T57,YKL025C,PAN3,T,57,0,0,0,1,0,1,published_only
YKL035W_Y13,YKL035W,UGP1,Y,13,0,0,0,1,0,1,published_only
YKL060C_S313,YKL060C,FBA1,S,313,0,0,0,1,0,1,published_only
YKL062W_S138,YKL062W,MSN4,S,138,0,0,1,0,0,1,published_only
YKL062W_S169,YKL062W,MSN4,S,169,0,0,0,1,0,1,published_only
YKL062W_S319,YKL062W,MSN4,S,319,0,0,0,1,0,1,published_only
YKL062W_S558,YKL062W,MSN4,S,558,0,0,0,1,0,1,published_only
YKL079W_S570,YKL079W,NA,S,570,0,0,0,1,0,1,published_only
YKL088W_S81,YKL088W,CAB3,S,81,0,0,0,1,0,1,published_only
YKL088W_S116,YKL088W,CAB3,S,116,0,0,0,1,0,1,published_only
YKL101W_T835,YKL101W,HSL1,T,835,0,0,0,1,0,1,published_only
YKL101W_S837,YKL101W,HSL1,S,837,0,0,0,1,0,1,published_only
YKL101W_S1325,YKL101W,HSL1,S,1325,0,0,0,1,0,1,published_only
YKL101W_S1328,YKL101W,HSL1,S,1328,0,0,0,1,0,1,published_only
YKL105C_S137,YKL105C,NA,S,137,0,0,0,1,0,1,published_only
YKL105C_S556,YKL105C,NA,S,556,0,0,0,1,0,1,published_only
YKL116C_S132,YKL116C,PRR1,S,132,0,0,0,1,0,1,published_only
YKL126W_S77,YKL126W,NA,S,77,0,0,0,1,0,1,published_only
YKL126W_S79,YKL126W,NA,S,79,0,0,0,1,0,1,published_only
YKL140W_S521,YKL140W,TGL1,S,521,0,0,0,1,0,1,published_only
YKL140W_S538,YKL140W,TGL1,S,538,0,0,0,1,0,1,published_only
YKL143W_S98,YKL143W,LTV1,S,98,0,0,1,0,0,1,published_only
YKL143W_S281,YKL143W,LTV1,S,281,0,0,0,0,1,1,published_only
YKL152C_S116,YKL152C,GPM1,S,116,0,0,0,1,0,1,published_only
YKL152C_S127,YKL152C,GPM1,S,127,0,0,0,1,0,1,published_only
YKL152C_S128,YKL152C,GPM1,S,128,0,0,0,1,0,1,published_only
YKL171W_T150,YKL171W,NNK1,T,150,0,0,0,1,0,1,published_only
YKL171W_S687,YKL171W,NNK1,S,687,0,0,0,1,0,1,published_only
YKL171W_S689,YKL171W,NNK1,S,689,0,0,0,1,0,1,published_only
YKL172W_S104,YKL172W,NA,S,104,0,0,0,1,0,1,published_only
YKL172W_S110,YKL172W,NA,S,110,0,0,0,1,0,1,published_only
YKL173W_T83,YKL173W,SNU114,T,83,0,0,0,1,0,1,published_only
YKL173W_S85,YKL173W,SNU114,S,85,0,0,0,1,0,1,published_only
YKL173W_T88,YKL173W,SNU114,T,88,0,0,0,1,0,1,published_only
YKL178C_T426,YKL178C,STE3,T,426,0,1,0,0,0,1,published_only
YKL178C_S430,YKL178C,STE3,S,430,0,1,0,0,0,1,published_only
YKL185W_S465,YKL185W,ASH1,S,465,0,0,0,1,0,1,published_only
YKL204W_T268,YKL204W,EAP1,T,268,0,0,0,1,0,1,published_only
YKL204W_S327,YKL204W,EAP1,S,327,0,0,0,1,0,1,published_only
YKL204W_S387,YKL204W,EAP1,S,387,0,0,1,0,0,1,published_only
YKL204W_S389,YKL204W,EAP1,S,389,0,0,0,1,0,1,published_only
YKR001C_S599,YKR001C,VPS1,S,599,0,0,0,1,0,1,published_only
YKR007W_S117,YKR007W,NA,S,117,0,0,0,1,0,1,published_only
YKR007W_S120,YKR007W,NA,S,120,0,0,0,1,0,1,published_only
YKR029C_S718,YKR029C,SET3,S,718,0,0,0,1,0,1,published_only
YKR031C_S20,YKR031C,SPO14,S,20,0,0,0,1,0,1,published_only
YKR031C_S30,YKR031C,SPO14,S,30,0,0,0,1,0,1,published_only
YKR031C_S265,YKR031C,SPO14,S,265,0,0,0,1,0,1,published_only
YKR031C_S1447,YKR031C,SPO14,S,1447,0,0,0,1,0,1,published_only
YKR048C_T20,YKR048C,NAP1,T,20,0,0,0,1,0,1,published_only
YKR048C_T24,YKR048C,NAP1,T,24,0,0,0,1,0,1,published_only
YKR048C_S32,YKR048C,NAP1,S,32,0,0,0,1,0,1,published_only
YKR048C_S76,YKR048C,NAP1,S,76,0,0,0,1,0,1,published_only
YKR056W_S93,YKR056W,NA,S,93,0,0,0,1,0,1,published_only
YKR062W_S106,YKR062W,TFA2,S,106,0,0,0,1,0,1,published_only
YKR067W_S632,YKR067W,GPT2,S,632,0,0,0,1,0,1,published_only
YKR067W_S636,YKR067W,GPT2,S,636,0,0,0,1,0,1,published_only
YKR067W_S668,YKR067W,GPT2,S,668,0,0,0,1,0,1,published_only
YKR067W_S671,YKR067W,GPT2,S,671,0,0,0,1,0,1,published_only
YKR067W_S693,YKR067W,GPT2,S,693,0,0,0,1,0,1,published_only
YKR069W_S282,YKR069W,NA,S,282,0,0,0,1,0,1,published_only
YKR072C_S47,YKR072C,SIS2,S,47,0,0,0,1,0,1,published_only
YKR072C_S50,YKR072C,SIS2,S,50,0,0,0,1,0,1,published_only
YKR072C_S121,YKR072C,SIS2,S,121,0,0,1,0,0,1,published_only
YKR072C_S155,YKR072C,SIS2,S,155,0,0,0,1,0,1,published_only
YKR078W_S39,YKR078W,NA,S,39,0,0,0,1,0,1,published_only
YKR078W_S41,YKR078W,NA,S,41,0,0,0,1,0,1,published_only
YKR086W_S108,YKR086W,NA,S,108,0,0,0,0,1,1,published_only
YKR089C_S756,YKR089C,TGL4,S,756,0,0,0,1,0,1,published_only
YKR090W_S43,YKR090W,NA,S,43,0,0,0,1,0,1,published_only
YKR090W_S344,YKR090W,NA,S,344,0,0,0,1,0,1,published_only
YKR091W_S224,YKR091W,SRL3,S,224,0,0,0,1,0,1,published_only
YKR092C_T289,YKR092C,SRP40,T,289,0,1,0,0,0,1,published_only
YKR092C_S394,YKR092C,SRP40,S,394,0,0,0,1,0,1,published_only
YKR093W_S9,YKR093W,PTR2,S,9,0,0,0,1,0,1,published_only
YKR093W_S52,YKR093W,PTR2,S,52,0,0,0,1,0,1,published_only
YKR093W_S54,YKR093W,PTR2,S,54,0,0,0,1,0,1,published_only
YKR093W_S594,YKR093W,PTR2,S,594,0,0,0,1,0,1,published_only
YKR093W_S597,YKR093W,PTR2,S,597,0,0,0,1,0,1,published_only
YLL001W_S77,YLL001W,DNM1,S,77,0,0,0,1,0,1,published_only
YLL001W_S588,YLL001W,DNM1,S,588,0,0,0,1,0,1,published_only
YLL010C_T52,YLL010C,NA,T,52,0,0,0,1,0,1,published_only
YLL013C_S203,YLL013C,PUF3,S,203,0,0,1,0,0,1,published_only
YLL021W_S274,YLL021W,SPA2,S,274,0,0,0,1,0,1,published_only
YLL021W_S883,YLL021W,SPA2,S,883,0,0,0,1,0,1,published_only
YLL021W_S906,YLL021W,SPA2,S,906,0,0,0,1,0,1,published_only
YLL021W_S910,YLL021W,SPA2,S,910,0,0,0,1,0,1,published_only
YLL021W_T954,YLL021W,SPA2,T,954,0,0,0,1,0,1,published_only
YLL021W_S979,YLL021W,SPA2,S,979,0,0,0,1,0,1,published_only
YLL021W_S1076,YLL021W,SPA2,S,1076,0,0,1,0,0,1,published_only
YLL021W_S1080,YLL021W,SPA2,S,1080,0,0,0,1,0,1,published_only
YLL022C_S174,YLL022C,HIF1,S,174,0,0,0,1,0,1,published_only
YLL024C_T36,YLL024C,SSA2,T,36,0,0,0,1,0,1,published_only
YLL028W_S76,YLL028W,TPO1,S,76,0,1,0,0,0,1,published_only
YLL029W_S69,YLL029W,NA,S,69,0,0,0,1,0,1,published_only
YLL029W_S70,YLL029W,NA,S,70,0,0,0,1,0,1,published_only
YLL040C_S1362,YLL040C,NA,S,1362,0,0,0,1,0,1,published_only
YLL055W_S15,YLL055W,YCT1,S,15,0,0,0,1,0,1,published_only
YLL061W_T16,YLL061W,MMP1,T,16,0,0,0,1,0,1,published_only
YLL061W_S23,YLL061W,MMP1,S,23,0,0,0,1,0,1,published_only
YLR006C_S110,YLR006C,SSK1,S,110,0,0,0,1,0,1,published_only
YLR006C_S673,YLR006C,SSK1,S,673,0,0,0,1,0,1,published_only
YLR020C_S73,YLR020C,YEH2,S,73,0,0,0,1,0,1,published_only
YLR020C_S75,YLR020C,YEH2,S,75,0,0,0,1,0,1,published_only
YLR025W_S119,YLR025W,NA,S,119,0,0,0,1,0,1,published_only
YLR045C_S812,YLR045C,STU2,S,812,0,0,0,1,0,1,published_only
YLR045C_S815,YLR045C,STU2,S,815,0,0,0,1,0,1,published_only
YLR072W_S597,YLR072W,LAM6,S,597,0,0,0,1,0,1,published_only
YLR079W_S201,YLR079W,SIC1,S,201,0,0,0,1,0,1,published_only
YLR096W_S146,YLR096W,KIN2,S,146,0,0,0,1,0,1,published_only
YLR096W_S549,YLR096W,KIN2,S,549,0,0,0,1,0,1,published_only
YLR096W_S641,YLR096W,KIN2,S,641,0,0,0,1,0,1,published_only
YLR096W_S643,YLR096W,KIN2,S,643,0,0,0,1,0,1,published_only
YLR106C_S4353,YLR106C,NA,S,4353,0,0,0,1,0,1,published_only
YLR116W_S93,YLR116W,NA,S,93,0,0,0,1,0,1,published_only
YLR116W_S95,YLR116W,NA,S,95,0,0,0,1,0,1,published_only
YLR131C_S249,YLR131C,ACE2,S,249,0,0,0,1,0,1,published_only
YLR131C_S253,YLR131C,ACE2,S,253,0,0,0,1,0,1,published_only
YLR131C_T384,YLR131C,ACE2,T,384,0,0,0,1,0,1,published_only
YLR131C_S562,YLR131C,ACE2,S,562,0,0,0,1,0,1,published_only
YLR131C_S564,YLR131C,ACE2,S,564,0,0,0,1,0,1,published_only
YLR131C_S709,YLR131C,ACE2,S,709,0,0,0,1,0,1,published_only
YLR131C_T713,YLR131C,ACE2,T,713,0,0,0,1,0,1,published_only
YLR131C_S714,YLR131C,ACE2,S,714,0,0,0,1,0,1,published_only
YLR133W_S85,YLR133W,CKI1,S,85,0,0,0,1,0,1,published_only
YLR150W_S118,YLR150W,STM1,S,118,0,0,0,1,0,1,published_only
YLR166C_S485,YLR166C,SEC10,S,485,0,0,0,1,0,1,published_only
YLR177W_S34,YLR177W,NA,S,34,0,0,0,1,0,1,published_only
YLR181C_S233,YLR181C,NA,S,233,0,0,0,1,0,1,published_only
YLR182W_S176,YLR182W,NA,S,176,0,0,0,1,0,1,published_only
YLR182W_S178,YLR182W,NA,S,178,0,0,0,1,0,1,published_only
YLR187W_T578,YLR187W,NA,T,578,0,0,0,1,0,1,published_only
YLR190W_S37,YLR190W,MMR1,S,37,0,0,0,1,0,1,published_only
YLR206W_S173,YLR206W,NA,S,173,0,0,0,1,0,1,published_only
YLR219W_S46,YLR219W,MSC3,S,46,0,0,0,1,0,1,published_only
YLR219W_S57,YLR219W,MSC3,S,57,0,0,0,1,0,1,published_only
YLR219W_T359,YLR219W,MSC3,T,359,0,0,0,1,0,1,published_only
YLR219W_S363,YLR219W,MSC3,S,363,0,0,0,1,0,1,published_only
YLR219W_T646,YLR219W,MSC3,T,646,0,0,0,1,0,1,published_only
YLR219W_S648,YLR219W,MSC3,S,648,0,0,0,1,0,1,published_only
YLR219W_S660,YLR219W,MSC3,S,660,0,0,0,1,0,1,published_only
YLR219W_S679,YLR219W,MSC3,S,679,0,0,0,1,0,1,published_only
YLR219W_T681,YLR219W,MSC3,T,681,0,0,0,1,0,1,published_only
YLR221C_S83,YLR221C,NA,S,83,0,0,0,1,0,1,published_only
YLR221C_S92,YLR221C,NA,S,92,0,0,0,1,0,1,published_only
YLR223C_T757,YLR223C,IFH1,T,757,0,0,1,0,0,1,published_only
YLR248W_S46,YLR248W,NA,S,46,0,0,0,1,0,1,published_only
YLR257W_S7,YLR257W,YLR257W,S,7,0,0,0,1,0,1,published_only
YLR257W_T44,YLR257W,YLR257W,T,44,0,0,0,1,0,1,published_only
YLR257W_S66,YLR257W,YLR257W,S,66,0,0,0,1,0,1,published_only
YLR257W_Y67,YLR257W,YLR257W,Y,67,0,0,0,1,0,1,published_only
YLR257W_S69,YLR257W,YLR257W,S,69,0,0,0,1,0,1,published_only
YLR257W_Y154,YLR257W,YLR257W,Y,154,0,0,0,1,0,1,published_only
YLR257W_S197,YLR257W,YLR257W,S,197,0,0,0,1,0,1,published_only
YLR257W_S200,YLR257W,YLR257W,S,200,0,0,0,1,0,1,published_only
YLR258W_S651,YLR258W,GSY2,S,651,0,0,0,1,0,1,published_only
YLR258W_S655,YLR258W,GSY2,S,655,0,0,0,1,0,1,published_only
YLR260W_S55,YLR260W,NA,S,55,0,0,0,1,0,1,published_only
YLR310C_T569,YLR310C,CDC25,T,569,0,0,0,1,0,1,published_only
YLR310C_S649,YLR310C,CDC25,S,649,0,0,0,1,0,1,published_only
YLR310C_S651,YLR310C,CDC25,S,651,0,0,0,1,0,1,published_only
YLR314C_S9,YLR314C,CDC3,S,9,0,0,0,1,0,1,published_only
YLR314C_S60,YLR314C,CDC3,S,60,0,0,0,1,0,1,published_only
YLR314C_S77,YLR314C,CDC3,S,77,0,0,0,1,0,1,published_only
YLR314C_S503,YLR314C,CDC3,S,503,0,0,0,1,0,1,published_only
YLR314C_S509,YLR314C,CDC3,S,509,0,0,0,1,0,1,published_only
YLR314C_T513,YLR314C,CDC3,T,513,0,0,0,1,0,1,published_only
YLR319C_T203,YLR319C,BUD6,T,203,0,0,0,1,0,1,published_only
YLR319C_S233,YLR319C,BUD6,S,233,0,0,0,1,0,1,published_only
YLR319C_S327,YLR319C,BUD6,S,327,0,0,0,1,0,1,published_only
YLR319C_S348,YLR319C,BUD6,S,348,0,0,0,1,0,1,published_only
YLR319C_S353,YLR319C,BUD6,S,353,0,0,0,1,0,1,published_only
YLR323C_S33,YLR323C,CWC24,S,33,0,0,0,1,0,1,published_only
YLR323C_S105,YLR323C,CWC24,S,105,0,0,0,1,0,1,published_only
YLR324W_S420,YLR324W,NA,S,420,0,0,0,1,0,1,published_only
YLR324W_S424,YLR324W,NA,S,424,0,0,0,1,0,1,published_only
YLR327C_S79,YLR327C,TMA10,S,79,0,0,0,1,0,1,published_only
YLR335W_S17,YLR335W,NUP2,S,17,0,0,0,1,0,1,published_only
YLR335W_S66,YLR335W,NUP2,S,66,0,0,0,1,0,1,published_only
YLR335W_T392,YLR335W,NUP2,T,392,0,0,0,1,0,1,published_only
YLR335W_S540,YLR335W,NUP2,S,540,0,0,0,1,0,1,published_only
YLR336C_S238,YLR336C,NA,S,238,0,0,0,1,0,1,published_only
YLR337C_S519,YLR337C,VRP1,S,519,0,0,0,1,0,1,published_only
YLR337C_S522,YLR337C,VRP1,S,522,0,0,0,1,0,1,published_only
YLR337C_T701,YLR337C,VRP1,T,701,0,0,0,1,0,1,published_only
YLR337C_S709,YLR337C,VRP1,S,709,0,0,0,1,0,1,published_only
YLR337C_T712,YLR337C,VRP1,T,712,0,0,0,1,0,1,published_only
YLR337C_S722,YLR337C,VRP1,S,722,0,0,0,1,0,1,published_only
YLR350W_T36,YLR350W,ORM2,T,36,0,0,1,0,0,1,published_only
YLR357W_S241,YLR357W,RSC2,S,241,0,0,0,1,0,1,published_only
YLR357W_S682,YLR357W,RSC2,S,682,0,0,0,1,0,1,published_only
YLR371W_S76,YLR371W,ROM2,S,76,0,0,0,1,0,1,published_only
YLR386W_S805,YLR386W,NA,S,805,0,0,0,1,0,1,published_only
YLR398C_S209,YLR398C,NA,S,209,0,0,0,0,1,1,published_only
YLR399C_S269,YLR399C,BDF1,S,269,0,0,0,1,0,1,published_only
YLR399C_S270,YLR399C,BDF1,S,270,0,0,0,1,0,1,published_only
YLR399C_S613,YLR399C,BDF1,S,613,0,0,0,1,0,1,published_only
YLR399C_S615,YLR399C,BDF1,S,615,0,0,0,1,0,1,published_only
YLR407W_S43,YLR407W,NA,S,43,0,0,0,1,0,1,published_only
YLR407W_S45,YLR407W,NA,S,45,0,0,0,1,0,1,published_only
YLR410W_T143,YLR410W,VIP1,T,143,0,0,0,1,0,1,published_only
YLR410W_S1107,YLR410W,VIP1,S,1107,0,0,0,1,0,1,published_only
YLR410W_S1136,YLR410W,VIP1,S,1136,0,0,0,1,0,1,published_only
YLR410W-A_S424,YLR410W-A,TY2A-LR1,S,424,0,0,0,1,0,1,published_only
YLR413W_S654,YLR413W,YLR413W,S,654,0,0,0,1,0,1,published_only
YLR413W_T655,YLR413W,YLR413W,T,655,0,0,0,1,0,1,published_only
YLR413W_T656,YLR413W,YLR413W,T,656,0,0,0,1,0,1,published_only
YLR413W_S657,YLR413W,YLR413W,S,657,0,0,0,1,0,1,published_only
YLR419W_T13,YLR419W,NA,T,13,0,0,0,1,0,1,published_only
YLR429W_T575,YLR429W,NA,T,575,0,0,0,1,0,1,published_only
YLR450W_T565,YLR450W,HMG2,T,565,0,0,0,1,0,1,published_only
YML007W_S14,YML007W,YAP1,S,14,0,0,0,1,0,1,published_only
YML008C_T373,YML008C,NA,T,373,0,0,0,1,0,1,published_only
YML027W_S252,YML027W,YOX1,S,252,0,0,0,1,0,1,published_only
YML029W_S376,YML029W,USA1,S,376,0,1,0,0,0,1,published_only
YML034W_S79,YML034W,SRC1,S,79,0,0,0,1,0,1,published_only
YML034W_S80,YML034W,SRC1,S,80,0,0,0,1,0,1,published_only
YML034W_S82,YML034W,SRC1,S,82,0,0,0,1,0,1,published_only
YML034W_S85,YML034W,SRC1,S,85,0,0,0,1,0,1,published_only
YML034W_S326,YML034W,SRC1,S,326,0,0,0,1,0,1,published_only
YML057W_T481,YML057W,CMP2,T,481,0,0,1,0,0,1,published_only
YML059C_S631,YML059C,NTE1,S,631,0,0,1,0,0,1,published_only
YML059C_S632,YML059C,NTE1,S,632,0,0,1,0,0,1,published_only
YML059C_S634,YML059C,NTE1,S,634,0,0,0,1,0,1,published_only
YML059C_S643,YML059C,NTE1,S,643,0,0,0,1,0,1,published_only
YML072C_T1347,YML072C,NA,T,1347,0,0,0,1,0,1,published_only
YML072C_T1350,YML072C,NA,T,1350,0,0,0,1,0,1,published_only
YML072C_S1400,YML072C,NA,S,1400,0,0,0,1,0,1,published_only
YML072C_S1403,YML072C,NA,S,1403,0,0,0,1,0,1,published_only
YML072C_S1404,YML072C,NA,S,1404,0,0,0,1,0,1,published_only
YML075C_S581,YML075C,NA,S,581,0,0,0,1,0,1,published_only
YML075C_S582,YML075C,NA,S,582,0,0,0,1,0,1,published_only
YML092C_S13,YML092C,PRE8,S,13,0,0,0,1,0,1,published_only
YML097C_S375,YML097C,VPS9,S,375,0,0,0,1,0,1,published_only
YML098W_T131,YML098W,TAF13,T,131,0,1,0,0,0,1,published_only
YML100W_S73,YML100W,TSL1,S,73,0,0,0,1,0,1,published_only
YML100W_T75,YML100W,TSL1,T,75,0,0,1,0,0,1,published_only
YML100W_S77,YML100W,TSL1,S,77,0,0,0,1,0,1,published_only
YML100W_S155,YML100W,TSL1,S,155,0,0,1,0,0,1,published_only
YML100W_S157,YML100W,TSL1,S,157,0,0,1,0,0,1,published_only
YML100W_T191,YML100W,TSL1,T,191,0,0,0,1,0,1,published_only
YML101C_S48,YML101C,CUE4,S,48,0,0,0,1,0,1,published_only
YML112W_T33,YML112W,NA,T,33,0,0,0,1,0,1,published_only
YML112W_T34,YML112W,NA,T,34,0,0,0,1,0,1,published_only
YML127W_S513,YML127W,NA,S,513,0,0,0,1,0,1,published_only
YMR011W_S13,YMR011W,NA,S,13,0,0,0,1,0,1,published_only
YMR011W_S17,YMR011W,NA,S,17,0,0,0,1,0,1,published_only
YMR011W_S20,YMR011W,NA,S,20,0,0,0,1,0,1,published_only
YMR011W_T29,YMR011W,NA,T,29,0,0,0,1,0,1,published_only
YMR011W_S32,YMR011W,NA,S,32,0,0,0,1,0,1,published_only
YMR036C_S82,YMR036C,NA,S,82,0,0,0,0,1,1,published_only
YMR037C_S451,YMR037C,MSN2,S,451,0,0,0,1,0,1,published_only
YMR042W_S34,YMR042W,NA,S,34,0,0,0,1,0,1,published_only
YMR042W_S37,YMR042W,NA,S,37,0,0,0,1,0,1,published_only
YMR054W_S223,YMR054W,NA,S,223,0,0,0,1,0,1,published_only
YMR054W_S228,YMR054W,NA,S,228,0,0,0,1,0,1,published_only
YMR068W_T330,YMR068W,AVO2,T,330,0,0,0,1,0,1,published_only
YMR068W_S333,YMR068W,AVO2,S,333,0,0,0,1,0,1,published_only
YMR076C_S1231,YMR076C,NA,S,1231,0,0,0,1,0,1,published_only
YMR076C_S1233,YMR076C,NA,S,1233,0,0,0,1,0,1,published_only
YMR086W_S339,YMR086W,SEG1,S,339,0,0,0,1,0,1,published_only
YMR086W_S352,YMR086W,SEG1,S,352,0,0,0,1,0,1,published_only
YMR086W_T452,YMR086W,SEG1,T,452,0,0,0,1,0,1,published_only
YMR086W_T675,YMR086W,SEG1,T,675,0,0,0,1,0,1,published_only
YMR086W_S816,YMR086W,SEG1,S,816,0,0,0,1,0,1,published_only
YMR086W_S818,YMR086W,SEG1,S,818,0,0,0,1,0,1,published_only
YMR086W_S874,YMR086W,SEG1,S,874,0,0,0,1,0,1,published_only
YMR102C_S710,YMR102C,YMR102C,S,710,0,0,0,1,0,1,published_only
YMR102C_S712,YMR102C,YMR102C,S,712,0,0,0,1,0,1,published_only
YMR102C_S777,YMR102C,YMR102C,S,777,0,0,0,1,0,1,published_only
YMR102C_S778,YMR102C,YMR102C,S,778,0,0,0,1,0,1,published_only
YMR102C_S781,YMR102C,YMR102C,S,781,0,0,0,1,0,1,published_only
YMR104C_T63,YMR104C,YPK2,T,63,0,0,0,1,0,1,published_only
YMR104C_S73,YMR104C,YPK2,S,73,0,0,0,1,0,1,published_only
YMR105C_T117,YMR105C,PGM2,T,117,0,0,0,1,0,1,published_only
YMR128W_T340,YMR128W,ECM16,T,340,0,0,0,1,0,1,published_only
YMR165C_S773,YMR165C,PAH1,S,773,0,0,0,1,0,1,published_only
YMR184W_T70,YMR184W,ADD37,T,70,0,1,0,0,0,1,published_only
YMR196W_T1008,YMR196W,YMR196W,T,1008,0,0,0,1,0,1,published_only
YMR196W_T1013,YMR196W,YMR196W,T,1013,0,0,0,1,0,1,published_only
YMR196W_S1016,YMR196W,YMR196W,S,1016,0,0,0,1,0,1,published_only
YMR196W_S1017,YMR196W,YMR196W,S,1017,0,0,0,1,0,1,published_only
YMR196W_S1019,YMR196W,YMR196W,S,1019,0,0,0,1,0,1,published_only
YMR196W_S1020,YMR196W,YMR196W,S,1020,0,0,0,1,0,1,published_only
YMR205C_S41,YMR205C,PFK2,S,41,0,0,0,1,0,1,published_only
YMR205C_S163,YMR205C,PFK2,S,163,0,0,0,1,0,1,published_only
YMR205C_S166,YMR205C,PFK2,S,166,0,0,0,1,0,1,published_only
YMR205C_Y172,YMR205C,PFK2,Y,172,0,0,0,1,0,1,published_only
YMR213W_S385,YMR213W,NA,S,385,0,0,0,0,1,1,published_only
YMR216C_S342,YMR216C,NA,S,342,0,0,0,1,0,1,published_only
YMR219W_S532,YMR219W,ESC1,S,532,0,1,0,0,0,1,published_only
YMR219W_S1123,YMR219W,ESC1,S,1123,0,0,0,1,0,1,published_only
YMR219W_S1176,YMR219W,ESC1,S,1176,0,0,0,1,0,1,published_only
YMR219W_S1178,YMR219W,ESC1,S,1178,0,0,0,1,0,1,published_only
YMR220W_S368,YMR220W,ERG8,S,368,0,0,0,1,0,1,published_only
YMR221C_S269,YMR221C,NA,S,269,0,0,0,1,0,1,published_only
YMR243C_S387,YMR243C,ZRC1,S,387,0,0,0,1,0,1,published_only
YMR243C_S393,YMR243C,ZRC1,S,393,0,0,0,1,0,1,published_only
YMR243C_S395,YMR243C,ZRC1,S,395,0,0,0,1,0,1,published_only
YMR243C_S396,YMR243C,ZRC1,S,396,0,0,0,1,0,1,published_only
YMR255W_S106,YMR255W,GFD1,S,106,0,0,0,1,0,1,published_only
YMR255W_S111,YMR255W,GFD1,S,111,0,0,0,1,0,1,published_only
YMR255W_S113,YMR255W,GFD1,S,113,0,0,0,1,0,1,published_only
YMR261C_S150,YMR261C,TPS3,S,150,0,1,0,0,0,1,published_only
YMR261C_S181,YMR261C,TPS3,S,181,0,0,0,1,0,1,published_only
YMR261C_S249,YMR261C,TPS3,S,249,0,0,0,1,0,1,published_only
YMR275C_S54,YMR275C,NA,S,54,0,0,0,1,0,1,published_only
YMR275C_S56,YMR275C,NA,S,56,0,0,0,1,0,1,published_only
YMR290C_T15,YMR290C,HAS1,T,15,0,0,1,0,0,1,published_only
YMR291W_T381,YMR291W,NA,T,381,0,0,0,1,0,1,published_only
YMR291W_S383,YMR291W,NA,S,383,0,0,0,1,0,1,published_only
YMR295C_T39,YMR295C,YMR295C,T,39,0,0,0,1,0,1,published_only
YMR295C_Y72,YMR295C,YMR295C,Y,72,0,0,0,1,0,1,published_only
YMR311C_S12,YMR311C,GLC8,S,12,0,0,0,1,0,1,published_only
YNL004W_S343,YNL004W,HRB1,S,343,0,0,0,1,0,1,published_only
YNL004W_S355,YNL004W,HRB1,S,355,0,0,0,1,0,1,published_only
YNL020C_T499,YNL020C,ARK1,T,499,0,0,0,1,0,1,published_only
YNL039W_T33,YNL039W,BDP1,T,33,0,0,0,1,0,1,published_only
YNL050C_S56,YNL050C,NA,S,56,0,0,0,1,0,1,published_only
YNL053W_S132,YNL053W,MSG5,S,132,0,0,0,1,0,1,published_only
YNL074C_T244,YNL074C,NA,T,244,0,0,0,1,0,1,published_only
YNL085W_S358,YNL085W,MKT1,S,358,0,0,0,1,0,1,published_only
YNL085W_S361,YNL085W,MKT1,S,361,0,0,0,1,0,1,published_only
YNL088W_S1310,YNL088W,TOP2,S,1310,0,1,0,0,0,1,published_only
YNL088W_T1314,YNL088W,TOP2,T,1314,0,0,0,1,0,1,published_only
YNL101W_S101,YNL101W,NA,S,101,0,0,0,1,0,1,published_only
YNL101W_S103,YNL101W,NA,S,103,0,0,0,1,0,1,published_only
YNL102W_T313,YNL102W,POL1,T,313,0,0,0,1,0,1,published_only
YNL106C_S1016,YNL106C,INP52,S,1016,0,0,0,1,0,1,published_only
YNL106C_S1081,YNL106C,INP52,S,1081,0,0,0,1,0,1,published_only
YNL106C_S1082,YNL106C,INP52,S,1082,0,0,0,1,0,1,published_only
YNL106C_T1092,YNL106C,INP52,T,1092,0,0,0,1,0,1,published_only
YNL118C_S652,YNL118C,NA,S,652,0,0,0,1,0,1,published_only
YNL118C_S747,YNL118C,NA,S,747,0,0,0,1,0,1,published_only
YNL118C_S751,YNL118C,NA,S,751,0,0,0,1,0,1,published_only
YNL127W_S81,YNL127W,FAR11,S,81,0,0,0,1,0,1,published_only
YNL127W_S524,YNL127W,FAR11,S,524,0,0,0,1,0,1,published_only
YNL127W_S527,YNL127W,FAR11,S,527,0,0,0,1,0,1,published_only
YNL136W_S200,YNL136W,NA,S,200,0,0,0,1,0,1,published_only
YNL152W_S367,YNL152W,NA,S,367,0,0,0,1,0,1,published_only
YNL152W_S372,YNL152W,NA,S,372,0,0,0,1,0,1,published_only
YNL154C_S455,YNL154C,NA,S,455,0,0,0,1,0,1,published_only
YNL156C_S35,YNL156C,NSG2,S,35,0,0,0,1,0,1,published_only
YNL156C_S49,YNL156C,NSG2,S,49,0,0,0,1,0,1,published_only
YNL156C_T64,YNL156C,NSG2,T,64,0,0,0,1,0,1,published_only
YNL156C_S81,YNL156C,NSG2,S,81,0,0,0,1,0,1,published_only
YNL156C_S92,YNL156C,NSG2,S,92,0,0,0,1,0,1,published_only
YNL156C_S93,YNL156C,NSG2,S,93,0,0,0,1,0,1,published_only
YNL161W_S63,YNL161W,NA,S,63,0,0,0,1,0,1,published_only
YNL161W_S66,YNL161W,NA,S,66,0,0,0,1,0,1,published_only
YNL166C_S70,YNL166C,BNI5,S,70,0,0,0,1,0,1,published_only
YNL166C_S179,YNL166C,BNI5,S,179,0,0,0,1,0,1,published_only
YNL166C_S332,YNL166C,BNI5,S,332,0,0,0,1,0,1,published_only
YNL166C_S346,YNL166C,BNI5,S,346,0,0,0,1,0,1,published_only
YNL166C_S349,YNL166C,BNI5,S,349,0,0,0,1,0,1,published_only
YNL167C_S399,YNL167C,NA,S,399,0,0,0,1,0,1,published_only
YNL173C_S297,YNL173C,MDG1,S,297,0,0,1,0,0,1,published_only
YNL175C_T102,YNL175C,NOP13,T,102,0,0,0,1,0,1,published_only
YNL175C_T105,YNL175C,NOP13,T,105,0,0,0,1,0,1,published_only
YNL180C_S69,YNL180C,NA,S,69,0,0,0,1,0,1,published_only
YNL180C_S71,YNL180C,NA,S,71,0,0,0,1,0,1,published_only
YNL180C_S223,YNL180C,NA,S,223,0,0,0,1,0,1,published_only
YNL183C_T31,YNL183C,NPR1,T,31,0,0,0,1,0,1,published_only
YNL183C_S34,YNL183C,NPR1,S,34,0,0,0,1,0,1,published_only
YNL183C_S36,YNL183C,NPR1,S,36,0,0,0,1,0,1,published_only
YNL183C_S45,YNL183C,NPR1,S,45,0,0,0,1,0,1,published_only
YNL183C_S249,YNL183C,NPR1,S,249,0,0,0,1,0,1,published_only
YNL192W_S318,YNL192W,CHS1,S,318,0,0,0,1,0,1,published_only
YNL192W_S353,YNL192W,CHS1,S,353,0,0,0,1,0,1,published_only
YNL192W_S358,YNL192W,CHS1,S,358,0,0,0,1,0,1,published_only
YNL197C_S36,YNL197C,WHI3,S,36,0,0,0,1,0,1,published_only
YNL197C_S205,YNL197C,WHI3,S,205,0,0,0,1,0,1,published_only
YNL197C_T479,YNL197C,WHI3,T,479,0,0,0,1,0,1,published_only
YNL206C_S309,YNL206C,RTT106,S,309,0,0,1,0,0,1,published_only
YNL212W_S195,YNL212W,NA,S,195,0,0,0,1,0,1,published_only
YNL212W_S196,YNL212W,NA,S,196,0,0,0,1,0,1,published_only
YNL212W_S207,YNL212W,NA,S,207,0,0,0,1,0,1,published_only
YNL224C_S264,YNL224C,SQS1,S,264,0,0,1,0,0,1,published_only
YNL227C_S386,YNL227C,JJJ1,S,386,0,1,0,0,0,1,published_only
YNL230C_S278,YNL230C,ELA1,S,278,0,0,0,1,0,1,published_only
YNL232W_S94,YNL232W,NA,S,94,0,0,0,1,0,1,published_only
YNL233W_S400,YNL233W,BNI4,S,400,0,0,0,1,0,1,published_only
YNL233W_S503,YNL233W,BNI4,S,503,0,0,0,1,0,1,published_only
YNL243W_T290,YNL243W,SLA2,T,290,0,0,0,1,0,1,published_only
YNL243W_T294,YNL243W,SLA2,T,294,0,0,0,1,0,1,published_only
YNL243W_S308,YNL243W,SLA2,S,308,0,0,0,1,0,1,published_only
YNL243W_S313,YNL243W,SLA2,S,313,0,0,0,1,0,1,published_only
YNL245C_T109,YNL245C,CWC25,T,109,0,0,0,1,0,1,published_only
YNL267W_S231,YNL267W,PIK1,S,231,0,0,0,1,0,1,published_only
YNL267W_S232,YNL267W,PIK1,S,232,0,0,0,1,0,1,published_only
YNL267W_S236,YNL267W,PIK1,S,236,0,0,0,1,0,1,published_only
YNL267W_S603,YNL267W,PIK1,S,603,0,0,1,0,0,1,published_only
YNL268W_S87,YNL268W,LYP1,S,87,0,0,0,1,0,1,published_only
YNL268W_T90,YNL268W,LYP1,T,90,0,0,0,1,0,1,published_only
YNL271C_S1344,YNL271C,BNI1,S,1344,0,0,0,1,0,1,published_only
YNL271C_S1889,YNL271C,BNI1,S,1889,0,0,0,1,0,1,published_only
YNL271C_T1918,YNL271C,BNI1,T,1918,0,0,0,1,0,1,published_only
YNL272C_S515,YNL272C,SEC2,S,515,0,0,0,1,0,1,published_only
YNL273W_S169,YNL273W,TOF1,S,169,0,1,0,0,0,1,published_only
YNL273W_S172,YNL273W,TOF1,S,172,0,1,0,0,0,1,published_only
YNL297C_S567,YNL297C,NA,S,567,0,0,0,1,0,1,published_only
YNL297C_S571,YNL297C,NA,S,571,0,0,0,1,0,1,published_only
YNL298W_S141,YNL298W,CLA4,S,141,0,0,0,1,0,1,published_only
YNL298W_S370,YNL298W,CLA4,S,370,0,0,0,1,0,1,published_only
YNL298W_S425,YNL298W,CLA4,S,425,0,0,0,1,0,1,published_only
YNL298W_S444,YNL298W,CLA4,S,444,0,0,0,1,0,1,published_only
YNL298W_T447,YNL298W,CLA4,T,447,0,0,0,1,0,1,published_only
YNL309W_T66,YNL309W,STB1,T,66,0,0,0,1,0,1,published_only
YNL309W_T99,YNL309W,STB1,T,99,0,0,0,1,0,1,published_only
YNL309W_S103,YNL309W,STB1,S,103,0,0,0,1,0,1,published_only
YNL312W_S122,YNL312W,RFA2,S,122,0,0,0,1,0,1,published_only
YNL321W_T28,YNL321W,NA,T,28,0,0,0,1,0,1,published_only
YNL321W_S30,YNL321W,NA,S,30,0,0,0,1,0,1,published_only
YNL321W_S32,YNL321W,NA,S,32,0,0,0,1,0,1,published_only
YNL321W_S110,YNL321W,NA,S,110,0,0,0,1,0,1,published_only
YNL321W_S120,YNL321W,NA,S,120,0,0,0,1,0,1,published_only
YNR014W_S136,YNR014W,YNR014W,S,136,0,0,0,1,0,1,published_only
YNR016C_S1148,YNR016C,ACC1,S,1148,0,0,0,1,0,1,published_only
YNR019W_S175,YNR019W,NA,S,175,0,0,0,1,0,1,published_only
YNR019W_S176,YNR019W,NA,S,176,0,0,0,1,0,1,published_only
YNR031C_S54,YNR031C,SSK2,S,54,0,0,0,1,0,1,published_only
YNR031C_S57,YNR031C,SSK2,S,57,0,0,0,1,0,1,published_only
YNR031C_S78,YNR031C,SSK2,S,78,0,0,0,1,0,1,published_only
YNR031C_S290,YNR031C,SSK2,S,290,0,0,0,1,0,1,published_only
YNR049C_S100,YNR049C,MSO1,S,100,0,0,0,1,0,1,published_only
YNR051C_S361,YNR051C,BRE5,S,361,0,0,1,0,0,1,published_only
YNR052C_S39,YNR052C,POP2,S,39,0,0,0,1,0,1,published_only
YNR055C_T288,YNR055C,HOL1,T,288,0,0,1,0,0,1,published_only
YNR068C_S172,YNR068C,YNR068C,S,172,0,0,0,1,0,1,published_only
YOL006C_S49,YOL006C,TOP1,S,49,0,0,0,1,0,1,published_only
YOL016C_S403,YOL016C,CMK2,S,403,0,0,0,1,0,1,published_only
YOL016C_T406,YOL016C,CMK2,T,406,0,0,0,1,0,1,published_only
YOL019W_S224,YOL019W,YOL019W,S,224,0,0,0,1,0,1,published_only
YOL019W_S232,YOL019W,YOL019W,S,232,0,0,0,1,0,1,published_only
YOL039W_S49,YOL039W,RPP2A,S,49,0,1,0,0,0,1,published_only
YOL039W_S79,YOL039W,RPP2A,S,79,0,1,0,0,0,1,published_only
YOL051W_S736,YOL051W,GAL11,S,736,0,0,1,0,0,1,published_only
YOL051W_S783,YOL051W,GAL11,S,783,0,0,0,1,0,1,published_only
YOL054W_S191,YOL054W,PSH1,S,191,0,0,0,1,0,1,published_only
YOL054W_T310,YOL054W,PSH1,T,310,0,0,0,1,0,1,published_only
YOL054W_T382,YOL054W,PSH1,T,382,0,0,0,1,0,1,published_only
YOL059W_S70,YOL059W,GPD2,S,70,0,0,0,1,0,1,published_only
YOL059W_S72,YOL059W,GPD2,S,72,0,0,0,1,0,1,published_only
YOL059W_S75,YOL059W,GPD2,S,75,0,0,0,1,0,1,published_only
YOL060C_S441,YOL060C,MAM3,S,441,0,0,0,1,0,1,published_only
YOL060C_S475,YOL060C,MAM3,S,475,0,0,0,1,0,1,published_only
YOL060C_S522,YOL060C,MAM3,S,522,0,0,0,1,0,1,published_only
YOL060C_S523,YOL060C,MAM3,S,523,0,0,0,1,0,1,published_only
YOL060C_S527,YOL060C,MAM3,S,527,0,0,0,1,0,1,published_only
YOL060C_S659,YOL060C,MAM3,S,659,0,0,0,1,0,1,published_only
YOL060C_S660,YOL060C,MAM3,S,660,0,0,0,1,0,1,published_only
YOL061W_T127,YOL061W,PRS5,T,127,0,0,0,1,0,1,published_only
YOL061W_S183,YOL061W,PRS5,S,183,0,0,0,1,0,1,published_only
YOL062C_S181,YOL062C,NA,S,181,0,0,0,1,0,1,published_only
YOL070C_S38,YOL070C,NBA1,S,38,0,0,0,1,0,1,published_only
YOL087C_S724,YOL087C,YOL087C,S,724,0,0,1,0,0,1,published_only
YOL087C_T728,YOL087C,YOL087C,T,728,0,0,1,0,0,1,published_only
YOL109W_T49,YOL109W,ZEO1,T,49,0,0,0,1,0,1,published_only
YOL115W_S77,YOL115W,PAP2,S,77,0,1,0,0,0,1,published_only
YOL123W_S37,YOL123W,HRP1,S,37,0,0,0,1,0,1,published_only
YOL137W_S34,YOL137W,BSC6,S,34,0,0,1,0,0,1,published_only
YOL139C_T22,YOL139C,CDC33,T,22,0,0,0,1,0,1,published_only
YOL139C_S30,YOL139C,CDC33,S,30,0,0,0,1,0,1,published_only
YOL144W_S306,YOL144W,NOP8,S,306,0,0,1,0,0,1,published_only
YOL144W_S370,YOL144W,NOP8,S,370,0,0,0,0,1,1,published_only
YOR006C_S289,YOR006C,NA,S,289,0,0,0,1,0,1,published_only
YOR014W_T257,YOR014W,RTS1,T,257,0,0,0,1,0,1,published_only
YOR018W_S123,YOR018W,ROD1,S,123,0,0,0,1,0,1,published_only
YOR018W_S124,YOR018W,ROD1,S,124,0,0,0,1,0,1,published_only
YOR018W_T125,YOR018W,ROD1,T,125,0,0,0,1,0,1,published_only
YOR018W_S623,YOR018W,ROD1,S,623,0,0,0,1,0,1,published_only
YOR018W_S684,YOR018W,ROD1,S,684,0,0,0,1,0,1,published_only
YOR020C_S31,YOR020C,HSP10,S,31,0,0,0,1,0,1,published_only
YOR042W_T70,YOR042W,CUE5,T,70,0,0,0,1,0,1,published_only
YOR042W_T364,YOR042W,CUE5,T,364,0,0,0,1,0,1,published_only
YOR051C_S30,YOR051C,ETT1,S,30,0,1,0,0,0,1,published_only
YOR051C_T34,YOR051C,ETT1,T,34,0,1,0,0,0,1,published_only
YOR052C_T45,YOR052C,NA,T,45,0,0,0,1,0,1,published_only
YOR056C_S124,YOR056C,NA,S,124,0,0,0,0,1,1,published_only
YOR057W_S168,YOR057W,NA,S,168,0,0,0,1,0,1,published_only
YOR070C_S104,YOR070C,GYP1,S,104,0,0,0,1,0,1,published_only
YOR070C_S215,YOR070C,GYP1,S,215,0,0,0,1,0,1,published_only
YOR083W_T215,YOR083W,WHI5,T,215,0,0,0,1,0,1,published_only
YOR083W_S288,YOR083W,WHI5,S,288,0,0,0,1,0,1,published_only
YOR092W_S278,YOR092W,ECM3,S,278,0,0,0,1,0,1,published_only
YOR093C_T100,YOR093C,NA,T,100,0,0,0,1,0,1,published_only
YOR093C_T105,YOR093C,NA,T,105,0,0,0,1,0,1,published_only
YOR098C_S586,YOR098C,NUP1,S,586,0,0,1,0,0,1,published_only
YOR098C_S602,YOR098C,NUP1,S,602,0,0,0,1,0,1,published_only
YOR098C_S637,YOR098C,NUP1,S,637,0,0,0,1,0,1,published_only
YOR104W_S193,YOR104W,NA,S,193,0,0,0,1,0,1,published_only
YOR109W_T1026,YOR109W,INP53,T,1026,0,0,0,1,0,1,published_only
YOR109W_S1035,YOR109W,INP53,S,1035,0,0,0,1,0,1,published_only
YOR110W_T360,YOR110W,TFC7,T,360,0,0,0,1,0,1,published_only
YOR127W_S322,YOR127W,RGA1,S,322,0,0,0,1,0,1,published_only
YOR132W_S529,YOR132W,NA,S,529,0,0,0,1,0,1,published_only
YOR132W_S532,YOR132W,NA,S,532,0,0,0,1,0,1,published_only
YOR140W_T428,YOR140W,NA,T,428,0,0,0,1,0,1,published_only
YOR140W_S579,YOR140W,NA,S,579,0,0,0,1,0,1,published_only
YOR140W_S581,YOR140W,NA,S,581,0,0,0,1,0,1,published_only
YOR140W_T595,YOR140W,NA,T,595,0,0,0,1,0,1,published_only
YOR141C_T67,YOR141C,ARP8,T,67,0,0,0,1,0,1,published_only
YOR141C_T237,YOR141C,ARP8,T,237,0,0,0,1,0,1,published_only
YOR153W_T49,YOR153W,NA,T,49,0,0,0,1,0,1,published_only
YOR153W_S837,YOR153W,NA,S,837,0,0,0,1,0,1,published_only
YOR153W_S840,YOR153W,NA,S,840,0,0,0,1,0,1,published_only
YOR153W_S841,YOR153W,NA,S,841,0,0,0,1,0,1,published_only
YOR153W_S850,YOR153W,NA,S,850,0,0,0,1,0,1,published_only
YOR153W_S854,YOR153W,NA,S,854,0,0,0,1,0,1,published_only
YOR171C_S460,YOR171C,LCB4,S,460,0,0,1,0,0,1,published_only
YOR173W_S63,YOR173W,DCS2,S,63,0,0,0,1,0,1,published_only
YOR175C_S513,YOR175C,ALE1,S,513,0,0,0,1,0,1,published_only
YOR188W_S538,YOR188W,MSB1,S,538,0,0,0,1,0,1,published_only
YOR195W_T273,YOR195W,SLK19,T,273,0,0,0,1,0,1,published_only
YOR217W_T63,YOR217W,RFC1,T,63,0,0,0,1,0,1,published_only
YOR227W_T58,YOR227W,HER1,T,58,0,0,0,1,0,1,published_only
YOR227W_S277,YOR227W,HER1,S,277,0,0,0,1,0,1,published_only
YOR227W_S280,YOR227W,HER1,S,280,0,0,0,1,0,1,published_only
YOR233W_T390,YOR233W,KIN4,T,390,0,0,0,1,0,1,published_only
YOR233W_S460,YOR233W,KIN4,S,460,0,0,0,1,0,1,published_only
YOR233W_T463,YOR233W,KIN4,T,463,0,0,0,1,0,1,published_only
YOR244W_S151,YOR244W,NA,S,151,0,0,0,1,0,1,published_only
YOR267C_S37,YOR267C,HRK1,S,37,0,0,0,1,0,1,published_only
YOR273C_S40,YOR273C,TPO4,S,40,0,0,1,0,0,1,published_only
YOR296W_S224,YOR296W,YOR296W,S,224,0,0,1,0,0,1,published_only
YOR298C-A_S19,YOR298C-A,MBF1,S,19,0,1,0,0,0,1,published_only
YOR298C-A_S143,YOR298C-A,MBF1,S,143,0,0,0,1,0,1,published_only
YOR304W_T1079,YOR304W,ISW2,T,1079,0,0,0,1,0,1,published_only
YOR304W_T1087,YOR304W,ISW2,T,1087,0,0,0,1,0,1,published_only
YOR304W_S1090,YOR304W,ISW2,S,1090,0,0,1,0,0,1,published_only
YOR322C_S113,YOR322C,LDB19,S,113,0,0,0,1,0,1,published_only
YOR326W_S1131,YOR326W,MYO2,S,1131,0,0,0,1,0,1,published_only
YOR326W_T1132,YOR326W,MYO2,T,1132,0,0,0,1,0,1,published_only
YOR344C_T237,YOR344C,TYE7,T,237,0,0,0,1,0,1,published_only
YOR352W_S105,YOR352W,YOR352W,S,105,0,0,0,1,0,1,published_only
YOR355W_T363,YOR355W,GDS1,T,363,0,0,0,1,0,1,published_only
YOR359W_S309,YOR359W,VTS1,S,309,0,0,0,1,0,1,published_only
YOR359W_S319,YOR359W,VTS1,S,319,0,0,0,1,0,1,published_only
YOR371C_S96,YOR371C,GPB1,S,96,0,0,0,1,0,1,published_only
YPL009C_S780,YPL009C,NA,S,780,0,0,0,1,0,1,published_only
YPL020C_S127,YPL020C,NA,S,127,0,0,0,1,0,1,published_only
YPL020C_S131,YPL020C,NA,S,131,0,0,0,1,0,1,published_only
YPL028W_T86,YPL028W,ERG10,T,86,0,0,0,1,0,1,published_only
YPL030W_S107,YPL030W,NA,S,107,0,0,0,0,1,1,published_only
YPL043W_S247,YPL043W,NOP4,S,247,0,1,0,0,0,1,published_only
YPL049C_S272,YPL049C,DIG1,S,272,0,0,0,1,0,1,published_only
YPL049C_S294,YPL049C,DIG1,S,294,0,0,0,1,0,1,published_only
YPL058C_S56,YPL058C,PDR12,S,56,0,0,0,1,0,1,published_only
YPL070W_S67,YPL070W,NA,S,67,0,0,0,1,0,1,published_only
YPL074W_S402,YPL074W,YTA6,S,402,0,0,0,1,0,1,published_only
YPL075W_T447,YPL075W,GCR1,T,447,0,0,0,1,0,1,published_only
YPL082C_S677,YPL082C,MOT1,S,677,0,0,0,1,0,1,published_only
YPL085W_S678,YPL085W,SEC16,S,678,0,0,0,1,0,1,published_only
YPL085W_S1602,YPL085W,SEC16,S,1602,0,1,0,0,0,1,published_only
YPL085W_S1603,YPL085W,SEC16,S,1603,0,0,0,1,0,1,published_only
YPL085W_S1611,YPL085W,SEC16,S,1611,0,0,0,1,0,1,published_only
YPL085W_S1614,YPL085W,SEC16,S,1614,0,0,0,1,0,1,published_only
YPL105C_T350,YPL105C,SYH1,T,350,0,0,0,1,0,1,published_only
YPL105C_T646,YPL105C,SYH1,T,646,0,0,1,0,0,1,published_only
YPL105C_S648,YPL105C,SYH1,S,648,0,1,0,0,0,1,published_only
YPL105C_Y688,YPL105C,SYH1,Y,688,0,0,0,1,0,1,published_only
YPL115C_S206,YPL115C,BEM3,S,206,0,0,0,1,0,1,published_only
YPL115C_S254,YPL115C,BEM3,S,254,0,0,0,1,0,1,published_only
YPL115C_T388,YPL115C,BEM3,T,388,0,0,0,1,0,1,published_only
YPL116W_T599,YPL116W,HOS3,T,599,0,0,0,1,0,1,published_only
YPL116W_T603,YPL116W,HOS3,T,603,0,0,0,1,0,1,published_only
YPL127C_S174,YPL127C,NA,S,174,0,0,0,1,0,1,published_only
YPL137C_T258,YPL137C,GIP3,T,258,0,0,0,1,0,1,published_only
YPL137C_T264,YPL137C,GIP3,T,264,0,0,0,1,0,1,published_only
YPL155C_S26,YPL155C,NA,S,26,0,0,0,1,0,1,published_only
YPL157W_S285,YPL157W,NA,S,285,0,0,0,1,0,1,published_only
YPL157W_S286,YPL157W,NA,S,286,0,0,0,1,0,1,published_only
YPL160W_T142,YPL160W,CDC60,T,142,0,1,0,0,0,1,published_only
YPL160W_S771,YPL160W,CDC60,S,771,0,0,0,1,0,1,published_only
YPL180W_S107,YPL180W,TCO89,S,107,0,0,0,1,0,1,published_only
YPL180W_S546,YPL180W,TCO89,S,546,0,0,0,1,0,1,published_only
YPL186C_S140,YPL186C,UIP4,S,140,0,0,0,1,0,1,published_only
YPL193W_S182,YPL193W,RSA1,S,182,0,0,1,0,0,1,published_only
YPL195W_S798,YPL195W,APL5,S,798,0,0,0,1,0,1,published_only
YPL221W_S707,YPL221W,FLC1,S,707,0,0,0,1,0,1,published_only
YPL221W_S771,YPL221W,FLC1,S,771,0,0,0,1,0,1,published_only
YPL226W_S1146,YPL226W,NEW1,S,1146,0,0,0,1,0,1,published_only
YPL230W_S162,YPL230W,USV1,S,162,0,0,0,1,0,1,published_only
YPL237W_S40,YPL237W,SUI3,S,40,0,0,0,1,0,1,published_only
YPL237W_T116,YPL237W,SUI3,T,116,0,0,0,1,0,1,published_only
YPL237W_S118,YPL237W,SUI3,S,118,0,0,0,1,0,1,published_only
YPL242C_S49,YPL242C,IQG1,S,49,0,0,0,1,0,1,published_only
YPL249C_S108,YPL249C,GYP5,S,108,0,0,0,1,0,1,published_only
YPL249C_T294,YPL249C,GYP5,T,294,0,0,0,1,0,1,published_only
YPL249C_S295,YPL249C,GYP5,S,295,0,0,0,1,0,1,published_only
YPL265W_S13,YPL265W,NA,S,13,0,0,0,1,0,1,published_only
YPL265W_S22,YPL265W,NA,S,22,0,0,0,1,0,1,published_only
YPL265W_S54,YPL265W,NA,S,54,0,0,0,1,0,1,published_only
YPL265W_S69,YPL265W,NA,S,69,0,0,0,1,0,1,published_only
YPR008W_S506,YPR008W,NA,S,506,0,0,0,1,0,1,published_only
YPR035W_S315,YPR035W,GLN1,S,315,0,0,1,0,0,1,published_only
YPR036W-A_S32,YPR036W-A,YPR036W-A,S,32,0,0,0,1,0,1,published_only
YPR041W_S189,YPR041W,TIF5,S,189,0,0,0,1,0,1,published_only
YPR041W_T191,YPR041W,TIF5,T,191,0,1,0,0,0,1,published_only
YPR065W_S266,YPR065W,ROX1,S,266,0,0,0,1,0,1,published_only
YPR070W_S404,YPR070W,NA,S,404,0,0,0,1,0,1,published_only
YPR072W_S275,YPR072W,NOT5,S,275,0,0,0,1,0,1,published_only
YPR072W_S277,YPR072W,NOT5,S,277,0,0,0,1,0,1,published_only
YPR072W_T303,YPR072W,NOT5,T,303,0,0,0,1,0,1,published_only
YPR072W_T306,YPR072W,NOT5,T,306,0,0,0,1,0,1,published_only
YPR075C_S285,YPR075C,OPY2,S,285,0,0,0,1,0,1,published_only
YPR075C_S348,YPR075C,OPY2,S,348,0,0,0,1,0,1,published_only
YPR091C_S621,YPR091C,YPR091C,S,621,0,0,0,1,0,1,published_only
YPR091C_S640,YPR091C,YPR091C,S,640,0,0,0,1,0,1,published_only
YPR091C_S669,YPR091C,YPR091C,S,669,0,0,0,1,0,1,published_only
YPR091C_S676,YPR091C,YPR091C,S,676,0,0,0,1,0,1,published_only
YPR104C_S47,YPR104C,FHL1,S,47,0,0,0,1,0,1,published_only
YPR104C_S393,YPR104C,FHL1,S,393,0,0,0,1,0,1,published_only
YPR117W_S2254,YPR117W,YPR117W,S,2254,0,0,0,1,0,1,published_only
YPR143W_S69,YPR143W,NA,S,69,0,0,0,0,1,1,published_only
YPR159W_S134,YPR159W,NA,S,134,0,0,0,1,0,1,published_only
YPR161C_S417,YPR161C,NA,S,417,0,0,0,0,1,1,published_only
YPR162C_S9,YPR162C,ORC4,S,9,0,0,0,1,0,1,published_only
YPR172W_S97,YPR172W,YPR172W,S,97,0,0,0,1,0,1,published_only
YPR172W_T101,YPR172W,YPR172W,T,101,0,0,0,1,0,1,published_only
YPR172W_T103,YPR172W,YPR172W,T,103,0,0,0,1,0,1,published_only
