orf,gene,ThisStudy,Li2019,Dokladal2021,Baro2018,Plank_Cdc55AID,n_published
YHR132W-A,IGO2,1,1,1,0,1,3
YKL204W,EAP1,1,0,1,1,1,3
YLR335W,NUP2,1,0,0,1,1,2
YML017W,PSP2,1,0,1,1,0,2
YNL156C,NSG2,1,0,1,1,0,2
YPL237W,SUI3,1,1,0,1,0,2
YPR041W,TIF5,1,1,0,1,0,2
YBL101C,ECM21,1,0,0,1,0,1
YBR130C,SHE3,1,0,0,0,1,1
YBR156C,SLI15,1,0,0,1,0,1
YDR168W,CDC37,1,0,0,1,0,1
YEL043W,Uncharacterized protein YEL043W,1,0,0,1,0,1
YGR162W,TIF4631,1,0,0,0,1,1
YIR006C,PAN1,1,0,0,1,0,1
YJL168C,SET2,1,0,0,1,0,1
YKL054C,DEF1,1,0,0,0,1,1
YKR093W,PTR2,1,0,0,1,0,1
YLR257W,YLR257W,1,0,0,1,0,1
YBR278W,DPB3,1,0,0,0,0,0
YDR039C,ENA2;ENA1,1,0,0,0,0,0
YDR097C,MSH6,1,0,0,0,0,0
YDR171W,HSP42,1,0,0,0,0,0
YDR372C,VPS74,1,0,0,0,0,0
YDR422C,SIP1,1,0,0,0,0,0
YFL045C,SEC53,1,0,0,0,0,0
YLR267W,BOP2,1,0,0,0,0,0
YOL138C,RTC1,1,0,0,0,0,0
YPL110C,GDE1,1,0,0,0,0,0
YBL047C,EDE1,0,1,0,1,1,3
YBL085W,BOI1,0,0,1,1,1,3
YBL105C,PKC1,0,1,0,1,1,3
YBR059C,AKL1,0,1,1,1,0,3
YBR245C,ISW1,0,1,1,1,0,3
YDL226C,GCS1,0,1,1,1,0,3
YDR096W,GIS1,0,0,1,1,1,3
YER169W,RPH1,0,0,1,1,1,3
YGL049C,TIF4632,0,0,1,1,1,3
YGR186W,TFG1,0,1,0,1,1,3
YHR158C,KEL1,0,1,0,1,1,3
YIL038C,NOT3,0,0,1,1,1,3
YLL021W,SPA2,0,0,1,1,1,3
YMR261C,TPS3,0,1,0,1,1,3
YNL157W,IGO1,0,1,1,1,0,3
YOL051W,GAL11,0,0,1,1,1,3
YOL061W,PRS5,0,0,1,1,1,3
YPL085W,SEC16,0,1,0,1,1,3
YPL105C,SYH1,0,1,1,1,0,3
YAL011W,SWC3,0,0,1,1,0,2
YAL019W,FUN30,0,0,1,1,0,2
YAR002W,NUP60,0,0,0,1,1,2
YBL035C,POL12,0,1,0,1,0,2
YBL058W,SHP1,0,1,0,1,0,2
YBR069C,TAT1,0,0,0,1,1,2
YBR079C,RPG1,0,1,0,1,0,2
YBR273C,UBX7,0,0,1,1,0,2
YCL014W,BUD3,0,0,0,1,1,2
YCL024W,KCC4,0,0,0,1,1,2
YCL050C,APA1,0,1,0,1,0,2
YCR030C,SYP1,0,0,0,1,1,2
YCR033W,SNT1,0,0,0,1,1,2
YCR088W,ABP1,0,1,0,1,0,2
YDL156W,CMR1,0,1,1,0,0,2
YDL195W,SEC31,0,0,0,1,1,2
YDR011W,SNQ2,0,1,0,1,0,2
YDR093W,DNF2,0,0,0,1,1,2
YDR119W,VBA4,0,0,0,1,1,2
YDR122W,KIN1,0,0,0,1,1,2
YDR169C,STB3,0,0,1,1,0,2
YDR227W,NA,0,0,0,1,1,2
YDR239C,NA,0,0,0,1,1,2
YDR251W,PAM1,0,0,0,1,1,2
YDR266C,HEL2,0,0,1,1,0,2
YDR326C,YSP2,0,0,0,1,1,2
YDR362C,TFC6,0,0,0,1,1,2
YDR409W,SIZ1,0,0,1,0,1,2
YDR432W,NPL3,0,0,0,1,1,2
YDR443C,SSN2,0,1,0,1,0,2
YDR490C,PKH1,0,0,0,1,1,2
YDR507C,GIN4,0,0,0,1,1,2
YDR515W,SLF1,0,1,0,1,0,2
YER079W,YER079W,0,0,1,1,0,2
YER088C,DOT6,0,0,1,0,1,2
YER114C,BOI2,0,0,0,1,1,2
YER120W,SCS2,0,0,1,1,0,2
YER123W,NA,0,0,0,1,1,2
YER164W,CHD1,0,0,1,1,0,2
YER166W,DNF1,0,0,0,1,1,2
YFL007W,BLM10,0,0,0,1,1,2
YFL013C,IES1,0,0,0,1,1,2
YFL033C,RIM15,0,0,0,1,1,2
YGL023C,PIB2,0,0,0,1,1,2
YGL035C,MIG1,0,0,0,1,1,2
YGL076C,RPL7A,0,1,0,1,0,2
YGR054W,YGR054W,0,1,0,1,0,2
YGR056W,RSC1,0,0,1,1,0,2
YGR178C,NA,0,0,0,1,1,2
YGR196C,FYV8,0,0,0,1,1,2
YGR267C,FOL2,0,0,1,1,0,2
YHL007C,STE20,0,0,0,1,1,2
YHR082C,KSP1,0,0,1,0,1,2
YIL033C,BCY1,0,1,0,1,0,2
YIR023W,NA,0,0,0,1,1,2
YJL005W,CYR1,0,0,0,1,1,2
YJL076W,NET1,0,0,0,1,1,2
YJL201W,ECM25,0,0,0,1,1,2
YJR001W,NA,0,0,0,1,1,2
YJR033C,RAV1,0,0,0,1,1,2
YJR059W,PTK2,0,0,1,1,0,2
YKL060C,FBA1,0,0,0,1,1,2
YKL062W,MSN4,0,0,1,1,0,2
YKL126W,NA,0,0,0,1,1,2
YKL143W,LTV1,0,0,1,0,1,2
YKR056W,NA,0,0,0,1,1,2
YKR072C,SIS2,0,0,1,1,0,2
YKR090W,NA,0,0,0,1,1,2
YKR092C,SRP40,0,1,0,1,0,2
YLR096W,KIN2,0,0,0,1,1,2
YLR131C,ACE2,0,0,0,1,1,2
YLR175W,CBF5,0,1,0,1,0,2
YLR187W,NA,0,0,0,1,1,2
YLR206W,NA,0,0,0,1,1,2
YLR371W,ROM2,0,0,0,1,1,2
YLR407W,NA,0,0,0,1,1,2
YLR410W,VIP1,0,0,0,1,1,2
YLR413W,YLR413W,0,0,0,1,1,2
YML007W,YAP1,0,0,0,1,1,2
YML059C,NTE1,0,0,1,1,0,2
YML072C,NA,0,0,0,1,1,2
YML100W,TSL1,0,0,1,1,0,2
YMR068W,AVO2,0,0,0,1,1,2
YMR086W,SEG1,0,0,1,1,0,2
YMR165C,PAH1,0,0,0,1,1,2
YMR219W,ESC1,0,1,0,1,0,2
YMR255W,GFD1,0,0,0,1,1,2
YMR295C,YMR295C,0,0,0,1,1,2
YNL053W,MSG5,0,0,0,1,1,2
YNL088W,TOP2,0,1,0,1,0,2
YNL102W,POL1,0,0,0,1,1,2
YNL192W,CHS1,0,1,0,1,0,2
YNL197C,WHI3,0,0,0,1,1,2
YNL267W,PIK1,0,0,1,1,0,2
YNL271C,BNI1,0,0,0,1,1,2
YNL287W,SEC21,0,1,0,1,0,2
YNL298W,CLA4,0,0,0,1,1,2
YNL309W,STB1,0,0,0,1,1,2
YNR019W,NA,0,0,0,1,1,2
YOL006C,TOP1,0,0,0,1,1,2
YOL087C,YOL087C,0,0,1,1,0,2
YOL109W,ZEO1,0,0,0,1,1,2
YOL123W,HRP1,0,0,0,1,1,2
YOL139C,CDC33,0,0,0,1,1,2
YOL144W,NOP8,0,0,1,0,1,2
YOR042W,CUE5,0,0,0,1,1,2
YOR098C,NUP1,0,0,1,1,0,2
YOR109W,INP53,0,0,1,1,0,2
YOR123C,LEO1,0,1,0,1,0,2
YOR140W,NA,0,0,0,1,1,2
YOR217W,RFC1,0,0,0,1,1,2
YOR298C-A,MBF1,0,1,0,1,0,2
YOR304W,ISW2,0,0,1,1,0,2
YOR359W,VTS1,0,0,0,1,1,2
YPL049C,DIG1,0,0,0,1,1,2
YPL070W,NA,0,0,0,1,1,2
YPL160W,CDC60,0,1,0,1,0,2
YPL180W,TCO89,0,0,0,1,1,2
YPR072W,NOT5,0,0,0,1,1,2
YAL005C,SSA1,0,0,0,1,0,1
YAL017W,PSK1,0,0,0,1,0,1
YAL022C,FUN26,0,0,0,1,0,1
YAL024C,NA,0,0,0,1,0,1
YAL031C,GIP4,0,0,0,1,0,1
YAL034C,FUN19,0,0,0,1,0,1
YAL051W,OAF1,0,0,1,0,0,1
YAL053W,NA,0,0,0,1,0,1
YAR007C,NA,0,0,0,1,0,1
YAR014C,BUD14,0,0,0,1,0,1
YAR042W,SWH1,0,0,0,1,0,1
YBL006C,LDB7,0,0,0,1,0,1
YBL007C,NA,0,0,0,0,1,1
YBL011W,NA,0,0,0,1,0,1
YBL024W,NCL1,0,1,0,0,0,1
YBL034C,STU1,0,0,1,0,0,1
YBL043W,ECM13,0,0,0,1,0,1
YBL046W,NA,0,0,0,0,1,1
YBL051C,PIN4,0,0,0,1,0,1
YBL054W,NA,0,0,0,0,1,1
YBL061C,NA,0,0,0,0,1,1
YBL067C,UBP13,0,0,1,0,0,1
YBL076C,NA,0,0,0,0,1,1
YBR007C,DSF2,0,0,0,1,0,1
YBR011C,IPP1,0,0,0,1,0,1
YBR029C,CDS1,0,0,1,0,0,1
YBR049C,REB1,0,0,0,1,0,1
YBR068C,BAP2,0,0,0,1,0,1
YBR083W,TEC1,0,0,0,1,0,1
YBR086C,IST2,0,0,0,1,0,1
YBR103W,NA,0,0,0,1,0,1
YBR108W,NA,0,0,0,0,1,1
YBR109C,CMD1,0,0,0,1,0,1
YBR112C,CYC8,0,0,0,1,0,1
YBR114W,RAD16,0,0,0,1,0,1
YBR157C,ICS2,0,0,1,0,0,1
YBR160W,NA,0,0,0,1,0,1
YBR172C,SMY2,0,0,0,1,0,1
YBR189W,NA,0,0,0,1,0,1
YBR197C,YBR197C,0,0,0,1,0,1
YBR198C,TAF5,0,0,0,1,0,1
YBR207W,NA,0,0,0,1,0,1
YBR215W,HPC2,0,0,0,1,0,1
YBR225W,YBR225W,0,0,0,1,0,1
YBR249C,NA,0,0,0,0,1,1
YBR279W,PAF1,0,0,0,1,0,1
YCL005W,NA,0,0,0,0,1,1
YCL012C,YCL012C,0,0,0,1,0,1
YCL032W,STE50,0,0,0,1,0,1
YCL037C,NA,0,0,0,1,0,1
YCL040W,GLK1,0,0,0,1,0,1
YCR012W,PGK1,0,0,0,1,0,1
YCR034W,NA,0,0,0,1,0,1
YCR037C,PHO87,0,0,0,1,0,1
YCR066W,NA,0,0,0,1,0,1
YCR077C,NA,0,0,0,1,0,1
YCR084C,TUP1,0,0,0,1,0,1
YDL019C,NA,0,0,0,1,0,1
YDL022W,NA,0,0,0,1,0,1
YDL025C,RTK1,0,0,0,1,0,1
YDL035C,GPR1,0,0,0,1,0,1
YDL048C,STP4,0,0,0,1,0,1
YDL053C,PBP4,0,0,0,1,0,1
YDL056W,MBP1,0,0,0,1,0,1
YDL088C,ASM4,0,0,0,1,0,1
YDL110C,TMA17,0,0,0,1,0,1
YDL121C,YDL121C,0,0,0,1,0,1
YDL130W,NA,0,0,0,0,1,1
YDL131W,NA,0,0,0,0,1,1
YDL133W,NA,0,0,0,1,0,1
YDL150W,NA,0,0,0,1,0,1
YDL153C,SAS10,0,0,0,1,0,1
YDL161W,ENT1,0,0,0,1,0,1
YDL167C,NA,0,0,0,0,1,1
YDL173W,PAR32,0,0,0,1,0,1
YDL189W,RBS1,0,0,1,0,0,1
YDL203C,NA,0,0,0,0,1,1
YDL215C,NA,0,0,0,1,0,1
YDL220C,CDC13,0,0,0,1,0,1
YDL223C,HBT1,0,0,0,1,0,1
YDL224C,NA,0,0,0,1,0,1
YDL225W,SHS1,0,0,0,1,0,1
YDL231C,NA,0,0,0,1,0,1
YDR001C,NA,0,0,0,0,1,1
YDR002W,YRB1,0,0,0,1,0,1
YDR003W,RCR2,0,0,0,1,0,1
YDR017C,KCS1,0,0,0,1,0,1
YDR027C,VPS54,0,0,0,1,0,1
YDR028C,REG1,0,0,0,1,0,1
YDR033W,MRH1,0,0,0,1,0,1
YDR040C,ENA1,0,0,0,1,0,1
YDR060W,MAK21,0,1,0,0,0,1
YDR080W,NA,0,0,0,0,1,1
YDR083W,NA,0,0,0,1,0,1
YDR089W,YDR089W,0,0,0,1,0,1
YDR103W,STE5,0,0,0,1,0,1
YDR128W,MTC5,0,0,0,1,0,1
YDR135C,NA,0,0,0,1,0,1
YDR137W,NA,0,0,0,1,0,1
YDR145W,TAF12,0,0,0,1,0,1
YDR146C,SWI5,0,0,0,1,0,1
YDR150W,NA,0,0,0,1,0,1
YDR153C,NA,0,0,0,1,0,1
YDR159W,SAC3,0,0,0,1,0,1
YDR162C,NBP2,0,0,0,1,0,1
YDR165W,TRM82,0,1,0,0,0,1
YDR173C,ARG82,0,0,0,1,0,1
YDR186C,SND1,0,0,0,1,0,1
YDR201W,NA,0,0,0,1,0,1
YDR207C,UME6,0,0,0,1,0,1
YDR208W,MSS4,0,0,0,1,0,1
YDR211W,NA,0,0,0,1,0,1
YDR217C,RAD9,0,0,0,1,0,1
YDR229W,NA,0,0,0,1,0,1
YDR261C-D,TY1B-DR4;TY1B-DR3;TY1B-LR3,0,0,0,1,0,1
YDR292C,SRP101,0,0,0,1,0,1
YDR293C,SSD1,0,0,0,1,0,1
YDR310C,NA,0,0,0,1,0,1
YDR320C,SWA2,0,0,0,1,0,1
YDR338C,YDR338C,0,0,0,1,0,1
YDR348C,PAL1,0,0,0,1,0,1
YDR352W,YPQ2,0,0,0,1,0,1
YDR358W,NA,0,0,0,1,0,1
YDR359C,EAF1,0,0,1,0,0,1
YDR365C,ESF1,0,0,0,1,0,1
YDR384C,NA,0,0,0,1,0,1
YDR389W,SAC7,0,0,0,1,0,1
YDR397C,NA,0,0,0,1,0,1
YDR405W,MRP20,0,0,0,1,0,1
YDR407C,NA,0,0,0,0,1,1
YDR425W,NA,0,0,0,1,0,1
YDR428C,BNA7,0,0,0,1,0,1
YDR430C,CYM1,0,0,0,1,0,1
YDR436W,NA,0,0,0,0,1,1
YDR439W,LRS4,0,0,0,1,0,1
YDR458C,HEH2,0,0,0,1,0,1
YDR460W,TFB3,0,0,0,1,0,1
YDR475C,NA,0,0,0,1,0,1
YDR477W,SNF1,0,0,0,1,0,1
YDR485C,VPS72,0,0,0,1,0,1
YDR496C,NA,0,0,0,0,1,1
YDR508C,GNP1,0,0,1,0,0,1
YDR517W,GRH1,0,0,0,1,0,1
YEL015W,NA,0,0,0,1,0,1
YEL017W,GTT3,0,0,0,1,0,1
YEL032W,NA,0,0,0,0,1,1
YEL037C,NA,0,0,0,1,0,1
YEL058W,NA,0,0,0,0,1,1
YEL062W,NPR2,0,0,0,1,0,1
YER016W,NA,0,0,0,1,0,1
YER022W,NA,0,0,0,0,1,1
YER031C,YPT31,0,0,0,1,0,1
YER032W,FIR1,0,0,0,1,0,1
YER040W,GLN3,0,0,0,1,0,1
YER052C,NA,0,0,0,1,0,1
YER054C,GIP2,0,0,0,1,0,1
YER059W,NA,0,0,0,1,0,1
YER063W,NA,0,0,0,1,0,1
YER091C,MET6,0,0,0,1,0,1
YER093C,TSC11,0,0,0,1,0,1
YER111C,NA,0,0,0,1,0,1
YER122C,GLO3,0,0,0,1,0,1
YER132C,PMD1,0,0,0,1,0,1
YER143W,DDI1,0,0,0,1,0,1
YER151C,NA,0,0,0,1,0,1
YER155C,NA,0,0,0,1,0,1
YER167W,NA,0,0,0,0,1,1
YER176W,NA,0,0,0,1,0,1
YFL004W,VTC2,0,0,0,1,0,1
YFL014W,NA,0,0,0,1,0,1
YFL021W,GAT1,0,0,0,1,0,1
YFL034W,YFL034W,0,0,0,1,0,1
YFL042C,NA,0,0,0,1,0,1
YFR015C,GSY1,0,0,1,0,0,1
YFR016C,YFR016C,0,0,0,1,0,1
YFR019W,FAB1,0,0,0,1,0,1
YFR024C-A,NA,0,0,0,0,1,1
YFR028C,NA,0,0,0,1,0,1
YFR034C,NA,0,0,0,0,1,1
YFR040W,NA,0,0,0,1,0,1
YFR053C,NA,0,0,0,1,0,1
YGL008C,NA,0,0,0,0,1,1
YGL013C,PDR1,0,0,0,1,0,1
YGL014W,NA,0,0,0,1,0,1
YGL066W,SGF73,0,0,0,1,0,1
YGL077C,NA,0,0,0,0,1,1
YGL083W,SCY1,0,0,0,1,0,1
YGL092W,NA,0,0,0,0,1,1
YGL093W,SPC105,0,0,0,1,0,1
YGL099W,LSG1,0,0,1,0,0,1
YGL104C,VPS73,0,0,0,1,0,1
YGL110C,NA,0,0,0,1,0,1
YGL139W,NA,0,0,0,1,0,1
YGL181W,GTS1,0,0,0,1,0,1
YGL197W,MDS3,0,0,0,1,0,1
YGL208W,NA,0,0,0,1,0,1
YGL227W,NA,0,0,0,1,0,1
YGL244W,RTF1,0,1,0,0,0,1
YGL253W,NA,0,0,0,0,1,1
YGR004W,PEX31,0,0,0,1,0,1
YGR008C,NA,0,0,0,1,0,1
YGR009C,SEC9,0,0,0,1,0,1
YGR048W,NA,0,0,0,0,1,1
YGR058W,PEF1,0,0,0,1,0,1
YGR080W,TWF1,0,0,0,1,0,1
YGR086C,PIL1,0,0,0,1,0,1
YGR090W,NA,0,0,0,1,0,1
YGR097W,ASK10,0,0,0,1,0,1
YGR100W,MDR1,0,0,0,1,0,1
YGR116W,NA,0,0,0,1,0,1
YGR125W,NA,0,0,0,0,1,1
YGR130C,NA,0,0,0,1,0,1
YGR140W,NA,0,0,0,1,0,1
YGR143W,SKN1,0,0,0,1,0,1
YGR149W,NA,0,0,0,1,0,1
YGR159C,NSR1,0,1,0,0,0,1
YGR161C,RTS3,0,0,0,1,0,1
YGR191W,HIP1,0,0,1,0,0,1
YGR192C,NA,0,0,0,0,1,1
YGR202C,PCT1,0,1,0,0,0,1
YGR206W,MVB12,0,0,0,1,0,1
YGR217W,NA,0,0,0,0,1,1
YGR229C,SMI1,0,0,0,1,0,1
YGR237C,NA,0,0,0,0,1,1
YGR238C,KEL2,0,0,0,1,0,1
YGR240C,NA,0,0,0,1,0,1
YGR244C,LSC2,0,0,0,1,0,1
YGR263C,SAY1,0,0,1,0,0,1
YGR281W,NA,0,0,0,1,0,1
YGR285C,NA,0,0,0,1,0,1
YHL003C,NA,0,0,0,0,1,1
YHL025W,SNF6,0,0,0,1,0,1
YHR016C,NA,0,0,0,1,0,1
YHR036W,BRL1,0,0,0,1,0,1
YHR040W,NA,0,0,0,1,0,1
YHR064C,SSZ1,0,0,0,1,0,1
YHR073W,NA,0,0,0,1,0,1
YHR084W,STE12,0,0,0,1,0,1
YHR090C,YNG2,0,0,1,0,0,1
YHR094C,HXT1,0,0,0,1,0,1
YHR097C,YHR097C,0,0,0,1,0,1
YHR098C,NA,0,0,0,1,0,1
YHR099W,TRA1,0,0,0,1,0,1
YHR102W,NA,0,0,0,0,1,1
YHR103W,NA,0,0,0,0,1,1
YHR107C,CDC12,0,0,0,1,0,1
YHR119W,NA,0,0,0,1,0,1
YHR135C,NA,0,0,0,1,0,1
YHR154W,RTT107,0,0,0,1,0,1
YIL003W,NA,0,0,0,1,0,1
YIL036W,CST6,0,0,0,1,0,1
YIL047C,NA,0,0,0,0,1,1
YIL050W,PCL7,0,0,0,1,0,1
YIL055C,YIL055C,0,0,0,1,0,1
YIL107C,PFK26,0,0,0,1,0,1
YIL115C,NUP159,0,0,0,1,0,1
YIL126W,STH1,0,0,0,1,0,1
YIL135C,VHS2,0,0,0,1,0,1
YIL138C,TPM2,0,1,0,0,0,1
YIL140W,AXL2,0,0,0,1,0,1
YIL144W,NDC80,0,1,0,0,0,1
YIL153W,NA,0,0,0,1,0,1
YIL161W,YIL161W,0,0,1,0,0,1
YIR003W,AIM21,0,0,0,1,0,1
YIR033W,MGA2,0,0,0,1,0,1
YJL010C,NA,0,0,0,1,0,1
YJL020C,BBC1,0,0,0,1,0,1
YJL029C,NA,0,0,0,1,0,1
YJL039C,NA,0,0,0,1,0,1
YJL041W,NSP1,0,0,0,1,0,1
YJL042W,NA,0,0,0,1,0,1
YJL051W,IRC8,0,0,0,1,0,1
YJL053W,NA,0,0,0,0,1,1
YJL055W,YJL055W,0,0,0,1,0,1
YJL058C,NA,0,0,0,1,0,1
YJL070C,YJL070C,0,0,0,1,0,1
YJL080C,SCP160,0,0,0,1,0,1
YJL095W,BCK1,0,0,0,1,0,1
YJL123C,NA,0,0,0,1,0,1
YJL128C,NA,0,0,0,1,0,1
YJL129C,NA,0,0,0,1,0,1
YJL141C,NA,0,0,0,1,0,1
YJL155C,FBP26,0,0,0,1,0,1
YJL165C,NA,0,0,0,0,1,1
YJL176C,NA,0,0,0,1,0,1
YJL198W,PHO90,0,0,0,1,0,1
YJL207C,LAA1,0,0,0,1,0,1
YJR052W,RAD7,0,0,0,1,0,1
YJR060W,NA,0,0,0,1,0,1
YJR070C,LIA1,0,0,0,1,0,1
YJR076C,CDC11,0,0,0,1,0,1
YJR083C,ACF4,0,0,0,1,0,1
YJR089W,NA,0,0,0,1,0,1
YJR090C,GRR1,0,0,0,1,0,1
YJR091C,JSN1,0,0,0,1,0,1
YJR092W,NA,0,0,0,0,1,1
YJR098C,YJR098C,0,0,0,1,0,1
YJR132W,NMD5,0,0,0,1,0,1
YJR138W,IML1,0,0,0,1,0,1
YJR139C,HOM6,0,0,0,1,0,1
YJR145C,NA,0,0,0,0,1,1
YKL025C,PAN3,0,0,0,1,0,1
YKL035W,UGP1,0,0,0,1,0,1
YKL064W,NA,0,0,0,0,1,1
YKL079W,NA,0,0,0,1,0,1
YKL088W,CAB3,0,0,0,1,0,1
YKL101W,HSL1,0,0,0,1,0,1
YKL105C,NA,0,0,0,1,0,1
YKL116C,PRR1,0,0,0,1,0,1
YKL140W,TGL1,0,0,0,1,0,1
YKL146W,NA,0,0,0,0,1,1
YKL152C,GPM1,0,0,0,1,0,1
YKL171W,NNK1,0,0,0,1,0,1
YKL172W,NA,0,0,0,1,0,1
YKL173W,SNU114,0,0,0,1,0,1
YKL178C,STE3,0,1,0,0,0,1
YKL185W,ASH1,0,0,0,1,0,1
YKR001C,VPS1,0,0,0,1,0,1
YKR007W,NA,0,0,0,1,0,1
YKR029C,SET3,0,0,0,1,0,1
YKR031C,SPO14,0,0,0,1,0,1
YKR048C,NAP1,0,0,0,1,0,1
YKR062W,TFA2,0,0,0,1,0,1
YKR067W,GPT2,0,0,0,1,0,1
YKR069W,NA,0,0,0,1,0,1
YKR078W,NA,0,0,0,1,0,1
YKR086W,NA,0,0,0,0,1,1
YKR089C,TGL4,0,0,0,1,0,1
YKR091W,SRL3,0,0,0,1,0,1
YKR100C,NA,0,0,0,0,1,1
YLL001W,DNM1,0,0,0,1,0,1
YLL010C,NA,0,0,0,1,0,1
YLL013C,PUF3,0,0,1,0,0,1
YLL022C,HIF1,0,0,0,1,0,1
YLL024C,SSA2,0,0,0,1,0,1
YLL028W,TPO1,0,1,0,0,0,1
YLL029W,NA,0,0,0,1,0,1
YLL038C,NA,0,0,0,0,1,1
YLL040C,NA,0,0,0,1,0,1
YLL055W,YCT1,0,0,0,1,0,1
YLL061W,MMP1,0,0,0,1,0,1
YLR006C,SSK1,0,0,0,1,0,1
YLR020C,YEH2,0,0,0,1,0,1
YLR025W,NA,0,0,0,1,0,1
YLR045C,STU2,0,0,0,1,0,1
YLR072W,LAM6,0,0,0,1,0,1
YLR079W,SIC1,0,0,0,1,0,1
YLR106C,NA,0,0,0,1,0,1
YLR116W,NA,0,0,0,1,0,1
YLR133W,CKI1,0,0,0,1,0,1
YLR150W,STM1,0,0,0,1,0,1
YLR166C,SEC10,0,0,0,1,0,1
YLR177W,NA,0,0,0,1,0,1
YLR181C,NA,0,0,0,1,0,1
YLR182W,NA,0,0,0,1,0,1
YLR190W,MMR1,0,0,0,1,0,1
YLR219W,MSC3,0,0,0,1,0,1
YLR220W,NA,0,0,0,0,1,1
YLR221C,NA,0,0,0,1,0,1
YLR223C,IFH1,0,0,1,0,0,1
YLR248W,NA,0,0,0,1,0,1
YLR258W,GSY2,0,0,0,1,0,1
YLR260W,NA,0,0,0,1,0,1
YLR305C,NA,0,0,0,0,1,1
YLR310C,CDC25,0,0,0,1,0,1
YLR314C,CDC3,0,0,0,1,0,1
YLR319C,BUD6,0,0,0,1,0,1
YLR323C,CWC24,0,0,0,1,0,1
YLR324W,NA,0,0,0,1,0,1
YLR327C,TMA10,0,0,0,1,0,1
YLR336C,NA,0,0,0,1,0,1
YLR337C,VRP1,0,0,0,1,0,1
YLR350W,ORM2,0,0,1,0,0,1
YLR357W,RSC2,0,0,0,1,0,1
YLR386W,NA,0,0,0,1,0,1
YLR398C,NA,0,0,0,0,1,1
YLR399C,BDF1,0,0,0,1,0,1
YLR403W,NA,0,0,0,0,1,1
YLR405W,NA,0,0,0,0,1,1
YLR410W-A,TY2A-LR1,0,0,0,1,0,1
YLR419W,NA,0,0,0,1,0,1
YLR429W,NA,0,0,0,1,0,1
YLR430W,NA,0,0,0,0,1,1
YLR450W,HMG2,0,0,0,1,0,1
YML008C,NA,0,0,0,1,0,1
YML016C,NA,0,0,0,0,1,1
YML018C,NA,0,0,0,0,1,1
YML027W,YOX1,0,0,0,1,0,1
YML029W,USA1,0,1,0,0,0,1
YML034W,SRC1,0,0,0,1,0,1
YML057W,CMP2,0,0,1,0,0,1
YML075C,NA,0,0,0,1,0,1
YML092C,PRE8,0,0,0,1,0,1
YML097C,VPS9,0,0,0,1,0,1
YML098W,TAF13,0,1,0,0,0,1
YML101C,CUE4,0,0,0,1,0,1
YML112W,NA,0,0,0,1,0,1
YML127W,NA,0,0,0,1,0,1
YMR011W,NA,0,0,0,1,0,1
YMR031C,NA,0,0,0,0,1,1
YMR036C,NA,0,0,0,0,1,1
YMR037C,MSN2,0,0,0,1,0,1
YMR042W,NA,0,0,0,1,0,1
YMR054W,NA,0,0,0,1,0,1
YMR076C,NA,0,0,0,1,0,1
YMR102C,YMR102C,0,0,0,1,0,1
YMR104C,YPK2,0,0,0,1,0,1
YMR105C,PGM2,0,0,0,1,0,1
YMR128W,ECM16,0,0,0,1,0,1
YMR153W,NA,0,0,0,0,1,1
YMR184W,ADD37,0,1,0,0,0,1
YMR196W,YMR196W,0,0,0,1,0,1
YMR205C,PFK2,0,0,0,1,0,1
YMR212C,NA,0,0,0,0,1,1
YMR213W,NA,0,0,0,0,1,1
YMR216C,NA,0,0,0,1,0,1
YMR220W,ERG8,0,0,0,1,0,1
YMR221C,NA,0,0,0,1,0,1
YMR226C,NA,0,0,0,0,1,1
YMR243C,ZRC1,0,0,0,1,0,1
YMR275C,NA,0,0,0,1,0,1
YMR290C,HAS1,0,0,1,0,0,1
YMR291W,NA,0,0,0,1,0,1
YMR311C,GLC8,0,0,0,1,0,1
YMR314W,NA,0,0,0,0,1,1
YNL004W,HRB1,0,0,0,1,0,1
YNL020C,ARK1,0,0,0,1,0,1
YNL039W,BDP1,0,0,0,1,0,1
YNL050C,NA,0,0,0,1,0,1
YNL054W,NA,0,0,0,0,1,1
YNL065W,NA,0,0,0,0,1,1
YNL074C,NA,0,0,0,1,0,1
YNL076W,NA,0,0,0,0,1,1
YNL085W,MKT1,0,0,0,1,0,1
YNL091W,NA,0,0,0,0,1,1
YNL101W,NA,0,0,0,1,0,1
YNL106C,INP52,0,0,0,1,0,1
YNL118C,NA,0,0,0,1,0,1
YNL127W,FAR11,0,0,0,1,0,1
YNL136W,NA,0,0,0,1,0,1
YNL152W,NA,0,0,0,1,0,1
YNL154C,NA,0,0,0,1,0,1
YNL161W,NA,0,0,0,1,0,1
YNL166C,BNI5,0,0,0,1,0,1
YNL167C,NA,0,0,0,1,0,1
YNL173C,MDG1,0,0,1,0,0,1
YNL175C,NOP13,0,0,0,1,0,1
YNL180C,NA,0,0,0,1,0,1
YNL183C,NPR1,0,0,0,1,0,1
YNL206C,RTT106,0,0,1,0,0,1
YNL212W,NA,0,0,0,1,0,1
YNL224C,SQS1,0,0,1,0,0,1
YNL227C,JJJ1,0,1,0,0,0,1
YNL230C,ELA1,0,0,0,1,0,1
YNL232W,NA,0,0,0,1,0,1
YNL233W,BNI4,0,0,0,1,0,1
YNL243W,SLA2,0,0,0,1,0,1
YNL245C,CWC25,0,0,0,1,0,1
YNL268W,LYP1,0,0,0,1,0,1
YNL272C,SEC2,0,0,0,1,0,1
YNL273W,TOF1,0,1,0,0,0,1
YNL278W,NA,0,0,0,0,1,1
YNL297C,NA,0,0,0,1,0,1
YNL312W,RFA2,0,0,0,1,0,1
YNL321W,NA,0,0,0,1,0,1
YNR014W,YNR014W,0,0,0,1,0,1
YNR016C,ACC1,0,0,0,1,0,1
YNR031C,SSK2,0,0,0,1,0,1
YNR049C,MSO1,0,0,0,1,0,1
YNR051C,BRE5,0,0,1,0,0,1
YNR052C,POP2,0,0,0,1,0,1
YNR055C,HOL1,0,0,1,0,0,1
YNR068C,YNR068C,0,0,0,1,0,1
YOL016C,CMK2,0,0,0,1,0,1
YOL019W,YOL019W,0,0,0,1,0,1
YOL039W,RPP2A,0,1,0,0,0,1
YOL054W,PSH1,0,0,0,1,0,1
YOL059W,GPD2,0,0,0,1,0,1
YOL060C,MAM3,0,0,0,1,0,1
YOL062C,NA,0,0,0,1,0,1
YOL070C,NBA1,0,0,0,1,0,1
YOL086C,NA,0,0,0,0,1,1
YOL115W,PAP2,0,1,0,0,0,1
YOL130W,NA,0,0,0,0,1,1
YOL137W,BSC6,0,0,1,0,0,1
YOR006C,NA,0,0,0,1,0,1
YOR014W,RTS1,0,0,0,1,0,1
YOR018W,ROD1,0,0,0,1,0,1
YOR020C,HSP10,0,0,0,1,0,1
YOR051C,ETT1,0,1,0,0,0,1
YOR052C,NA,0,0,0,1,0,1
YOR054C,NA,0,0,0,0,1,1
YOR056C,NA,0,0,0,0,1,1
YOR057W,NA,0,0,0,1,0,1
YOR070C,GYP1,0,0,0,1,0,1
YOR083W,WHI5,0,0,0,1,0,1
YOR092W,ECM3,0,0,0,1,0,1
YOR093C,NA,0,0,0,1,0,1
YOR104W,NA,0,0,0,1,0,1
YOR110W,TFC7,0,0,0,1,0,1
YOR127W,RGA1,0,0,0,1,0,1
YOR132W,NA,0,0,0,1,0,1
YOR141C,ARP8,0,0,0,1,0,1
YOR153W,NA,0,0,0,1,0,1
YOR156C,NA,0,0,0,0,1,1
YOR171C,LCB4,0,0,1,0,0,1
YOR173W,DCS2,0,0,0,1,0,1
YOR175C,ALE1,0,0,0,1,0,1
YOR187W,NA,0,0,0,0,1,1
YOR188W,MSB1,0,0,0,1,0,1
YOR195W,SLK19,0,0,0,1,0,1
YOR220W,NA,0,0,0,0,1,1
YOR227W,HER1,0,0,0,1,0,1
YOR233W,KIN4,0,0,0,1,0,1
YOR244W,NA,0,0,0,1,0,1
YOR267C,HRK1,0,0,0,1,0,1
YOR273C,TPO4,0,0,1,0,0,1
YOR287C,NA,0,0,0,0,1,1
YOR296W,YOR296W,0,0,1,0,0,1
YOR322C,LDB19,0,0,0,1,0,1
YOR326W,MYO2,0,0,0,1,0,1
YOR344C,TYE7,0,0,0,1,0,1
YOR352W,YOR352W,0,0,0,1,0,1
YOR355W,GDS1,0,0,0,1,0,1
YOR371C,GPB1,0,0,0,1,0,1
YPL009C,NA,0,0,0,1,0,1
YPL020C,NA,0,0,0,1,0,1
YPL028W,ERG10,0,0,0,1,0,1
YPL030W,NA,0,0,0,0,1,1
YPL032C,NA,0,0,0,0,1,1
YPL043W,NOP4,0,1,0,0,0,1
YPL058C,PDR12,0,0,0,1,0,1
YPL074W,YTA6,0,0,0,1,0,1
YPL075W,GCR1,0,0,0,1,0,1
YPL082C,MOT1,0,0,0,1,0,1
YPL115C,BEM3,0,0,0,1,0,1
YPL116W,HOS3,0,0,0,1,0,1
YPL127C,NA,0,0,0,1,0,1
YPL137C,GIP3,0,0,0,1,0,1
YPL150W,NA,0,0,0,0,1,1
YPL155C,NA,0,0,0,1,0,1
YPL157W,NA,0,0,0,1,0,1
YPL186C,UIP4,0,0,0,1,0,1
YPL193W,RSA1,0,0,1,0,0,1
YPL195W,APL5,0,0,0,1,0,1
YPL221W,FLC1,0,0,0,1,0,1
YPL226W,NEW1,0,0,0,1,0,1
YPL230W,USV1,0,0,0,1,0,1
YPL242C,IQG1,0,0,0,1,0,1
YPL249C,GYP5,0,0,0,1,0,1
YPL255W,NA,0,0,0,0,1,1
YPL265W,NA,0,0,0,1,0,1
YPR008W,NA,0,0,0,1,0,1
YPR035W,GLN1,0,0,1,0,0,1
YPR036W-A,YPR036W-A,0,0,0,1,0,1
YPR065W,ROX1,0,0,0,1,0,1
YPR070W,NA,0,0,0,1,0,1
YPR075C,OPY2,0,0,0,1,0,1
YPR089W,NA,0,0,0,0,1,1
YPR091C,YPR091C,0,0,0,1,0,1
YPR104C,FHL1,0,0,0,1,0,1
YPR117W,YPR117W,0,0,0,1,0,1
YPR143W,NA,0,0,0,0,1,1
YPR158W-B,NA,0,0,0,0,1,1
YPR159W,NA,0,0,0,1,0,1
YPR161C,NA,0,0,0,0,1,1
YPR162C,ORC4,0,0,0,1,0,1
YPR172W,YPR172W,0,0,0,1,0,1
YPR174C,NA,0,0,0,0,1,1
