key,orf,gene,aa,position,Li2019,log2fc_Li2019,Dokladal2021,Baro2018,Plank_Cdc55AID,log2fc_Plank,pval_Plank,n_published,category
YGL076C_T8,YGL076C,RPL7A,T,8,1,-0.528107980312143,0,1,0,NA,NA,2,consensus
YLR150W_S118,YLR150W,STM1,S,118,0,NA,0,1,0,NA,NA,1,shared
YDR002W_S60,YDR002W,YRB1,S,60,0,NA,0,1,0,NA,NA,1,shared
YCR088W_T165,YCR088W,ABP1,T,165,0,NA,0,0,0,NA,NA,0,novel_this_study
YHR114W_S472,YHR114W,BZZ1,S,472,0,NA,0,0,0,NA,NA,0,novel_this_study
YLL018C_S14,YLL018C,DPS1,S,14,0,NA,0,0,0,NA,NA,0,novel_this_study
YMR311C_S184,YMR311C,GLC8,S,184,0,NA,0,0,0,NA,NA,0,novel_this_study
YNL113W_T15,YNL113W,RPC19,T,15,0,NA,0,0,0,NA,NA,0,novel_this_study
YPL198W_T8,YPL198W,RPL7B,T,8,0,NA,0,0,0,NA,NA,0,novel_this_study
YGR162W_S163,YGR162W,TIF4631,S,163,0,NA,0,0,0,NA,NA,0,novel_this_study
YFR003C_S133,YFR003C,YPI1,S,133,0,NA,0,0,0,NA,NA,0,novel_this_study
