network,nutrient,genotype,protein_id,gene_name,module
C_WT,C,WT,O13297,CET1,turquoise
C_WT,C,WT,O14455,RPL36B,turquoise
C_WT,C,WT,O14467,MBF1,blue
C_WT,C,WT,P00128,QCR7,turquoise
C_WT,C,WT,P00330,ADH1,turquoise
C_WT,C,WT,P00427,COX6,turquoise
C_WT,C,WT,P00431,CCP1,turquoise
C_WT,C,WT,P00445,SOD1,turquoise
C_WT,C,WT,P00447,SOD2,turquoise
C_WT,C,WT,P00812,CAR1,turquoise
C_WT,C,WT,P00830,ATP2,turquoise
C_WT,C,WT,P00890,CIT1,turquoise
C_WT,C,WT,P00899,TRP2,blue
C_WT,C,WT,P02406,RPL28,turquoise
C_WT,C,WT,P02829,HSP82,turquoise
C_WT,C,WT,P02994,TEF1,turquoise
C_WT,C,WT,P03962,URA3,turquoise
C_WT,C,WT,P04037,COX4,turquoise
C_WT,C,WT,P04046,ADE4,blue
C_WT,C,WT,P04050,RPO21,blue
C_WT,C,WT,P04076,ARG4,turquoise
C_WT,C,WT,P04456,RPL25,turquoise
C_WT,C,WT,P04802,DPS1,turquoise
C_WT,C,WT,P04806,HXK1,turquoise
C_WT,C,WT,P04840,POR1,turquoise
C_WT,C,WT,P05030,PMA1,turquoise
C_WT,C,WT,P05317,RPP0,turquoise
C_WT,C,WT,P05453,SUP35,turquoise
C_WT,C,WT,P05626,ATP4,turquoise
C_WT,C,WT,P05694,MET6,turquoise
C_WT,C,WT,P05739,RPL6B,turquoise
C_WT,C,WT,P05740,RPL17A,unassigned
C_WT,C,WT,P05744,RPL33A,turquoise
C_WT,C,WT,P05755,RPS9B,turquoise
C_WT,C,WT,P05756,RPS13,turquoise
C_WT,C,WT,P06101,CDC37,unassigned
C_WT,C,WT,P06106,MET17,turquoise
C_WT,C,WT,P06168,ILV5,turquoise
C_WT,C,WT,P06169;Q07471,PDC1,turquoise
C_WT,C,WT,P06208,LEU4,turquoise
C_WT,C,WT,P06634,DED1,blue
C_WT,C,WT,P06738,GPH1,turquoise
C_WT,C,WT,P06780,RHO1,turquoise
C_WT,C,WT,P06785,CDC21,blue
C_WT,C,WT,P07143,CYT1,turquoise
C_WT,C,WT,P07172,HIS5,turquoise
C_WT,C,WT,P07213,TOM70,turquoise
C_WT,C,WT,P07246,ADH3,turquoise
C_WT,C,WT,P07251,ATP1,turquoise
C_WT,C,WT,P07256,COR1,turquoise
C_WT,C,WT,P07257,QCR2,turquoise
C_WT,C,WT,P07260,CDC33,unassigned
C_WT,C,WT,P07262,GDH1,unassigned
C_WT,C,WT,P07264,LEU1,turquoise
C_WT,C,WT,P07267,PEP4,turquoise
C_WT,C,WT,P07273,DST1,blue
C_WT,C,WT,P07275,PUT2,turquoise
C_WT,C,WT,P07278,BCY1,turquoise
C_WT,C,WT,P07283,SEC53,turquoise
C_WT,C,WT,P07284,SES1,turquoise
C_WT,C,WT,P07285,TRP4,turquoise
C_WT,C,WT,P07342,ILV2,unassigned
C_WT,C,WT,P07560,SEC4,unassigned
C_WT,C,WT,P07702,LYS2,turquoise
C_WT,C,WT,P07703,RPC40,turquoise
C_WT,C,WT,P07991,CAR2,turquoise
C_WT,C,WT,P08417,FUM1,turquoise
C_WT,C,WT,P08518,RPB2,turquoise
C_WT,C,WT,P09064,SUI3,turquoise
C_WT,C,WT,P09232,PRB1,turquoise
C_WT,C,WT,P09457,ATP5,turquoise
C_WT,C,WT,P09624,LPD1,turquoise
C_WT,C,WT,P09733,TUB1,turquoise
C_WT,C,WT,P09938,RNR2,turquoise
C_WT,C,WT,P0C2H7;P0C2H6,RPL27B,blue
C_WT,C,WT,P0CX24;P0CX23,RPL20B,turquoise
C_WT,C,WT,P0CX36;P0CX35,RPS4B,turquoise
C_WT,C,WT,P0CX40;P0CX39,RPS8B,turquoise
C_WT,C,WT,P0CX42;P0CX41,RPL23B,turquoise
C_WT,C,WT,P0CX52;P0CX51,RPS16B,blue
C_WT,C,WT,P0CX83;P0CX82,RPL19B,turquoise
C_WT,C,WT,P10591,SSA1,turquoise
C_WT,C,WT,P10664,RPL4A,turquoise
C_WT,C,WT,P11353,HEM13,turquoise
C_WT,C,WT,P11412,ZWF1,turquoise
C_WT,C,WT,P11633,NHP6B,unassigned
C_WT,C,WT,P11745,RNA1,unassigned
C_WT,C,WT,P12688,YPK1,turquoise
C_WT,C,WT,P12695,LAT1,turquoise
C_WT,C,WT,P13298,URA5,turquoise
C_WT,C,WT,P13517,CAP2,turquoise
C_WT,C,WT,P14126,RPL3,turquoise
C_WT,C,WT,P14127;P02407,RPS17B,turquoise
C_WT,C,WT,P14743,NMT1,unassigned
C_WT,C,WT,P14843,ARO3,turquoise
C_WT,C,WT,P14904,APE1,turquoise
C_WT,C,WT,P15019,TAL1,turquoise
C_WT,C,WT,P15108,HSC82,turquoise
C_WT,C,WT,P15274,AMD1,turquoise
C_WT,C,WT,P15496,IDI1,blue
C_WT,C,WT,P15705,STI1,turquoise
C_WT,C,WT,P16140,VMA2,turquoise
C_WT,C,WT,P16387,PDA1,turquoise
C_WT,C,WT,P16474,KAR2,blue
C_WT,C,WT,P16521,YEF3,blue
C_WT,C,WT,P16547,OM45,turquoise
C_WT,C,WT,P16603,NCP1,blue
C_WT,C,WT,P16861,PFK1,turquoise
C_WT,C,WT,P17255,VMA1,turquoise
C_WT,C,WT,P17505,MDH1,turquoise
C_WT,C,WT,P17555,SRV2,blue
C_WT,C,WT,P17695,GRX2,turquoise
C_WT,C,WT,P17709,GLK1,turquoise
C_WT,C,WT,P17891,CLC1,turquoise
C_WT,C,WT,P18239;P18238,PET9,turquoise
C_WT,C,WT,P18759,SEC18,blue
C_WT,C,WT,P19358,SAM2,turquoise
C_WT,C,WT,P20081,FPR1,turquoise
C_WT,C,WT,P20447,DBP3,blue
C_WT,C,WT,P20449,DBP5,turquoise
C_WT,C,WT,P20484,MAK11,turquoise
C_WT,C,WT,P20606,SAR1,unassigned
C_WT,C,WT,P20967,KGD1,turquoise
C_WT,C,WT,P21242,PRE10,turquoise
C_WT,C,WT,P21243,SCL1,turquoise
C_WT,C,WT,P21264,ADE2,turquoise
C_WT,C,WT,P21576,VPS1,turquoise
C_WT,C,WT,P21801,SDH2,turquoise
C_WT,C,WT,P21954,IDP1,turquoise
C_WT,C,WT,P22146,GAS1,blue
C_WT,C,WT,P22217,TRX1,turquoise
C_WT,C,WT,P22515,UBA1,turquoise
C_WT,C,WT,P22855,AMS1,turquoise
C_WT,C,WT,P23180,AIM17,turquoise
C_WT,C,WT,P23254,TKL1,blue
C_WT,C,WT,P23301,HYP2,blue
C_WT,C,WT,P23639,PRE8,unassigned
C_WT,C,WT,P23641,MIR1,turquoise
C_WT,C,WT,P23644,TOM40,turquoise
C_WT,C,WT,P23724,PRE7,turquoise
C_WT,C,WT,P24276,SSD1,turquoise
C_WT,C,WT,P24280,SEC14,turquoise
C_WT,C,WT,P24783,DBP2,blue
C_WT,C,WT,P25045,LCB1,turquoise
C_WT,C,WT,P25087,ERG6,blue
C_WT,C,WT,P25293,NAP1,blue
C_WT,C,WT,P25349,YCP4,turquoise
C_WT,C,WT,P25367,RNQ1,turquoise
C_WT,C,WT,P25443,RPS2,blue
C_WT,C,WT,P25451,PUP3,turquoise
C_WT,C,WT,P25491,YDJ1,blue
C_WT,C,WT,P25567,SRO9,blue
C_WT,C,WT,P25605,ILV6,blue
C_WT,C,WT,P25623,SYP1,turquoise
C_WT,C,WT,P25694,CDC48,blue
C_WT,C,WT,P26321,RPL5,turquoise
C_WT,C,WT,P26784,RPL16A,turquoise
C_WT,C,WT,P26785,RPL16B,turquoise
C_WT,C,WT,P27472,GSY2,turquoise
C_WT,C,WT,P27616,ADE1,turquoise
C_WT,C,WT,P27810,KTR1,blue
C_WT,C,WT,P28241,IDH2,turquoise
C_WT,C,WT,P28707,SBA1,turquoise
C_WT,C,WT,P28789,HEM3,blue
C_WT,C,WT,P29311,BMH1,turquoise
C_WT,C,WT,P29453,RPL8B,turquoise
C_WT,C,WT,P29547,CAM1,turquoise
C_WT,C,WT,P30624,FAA1,turquoise
C_WT,C,WT,P30657,PRE4,blue
C_WT,C,WT,P30902,ATP7,turquoise
C_WT,C,WT,P31116,HOM6,blue
C_WT,C,WT,P31383,TPD3,turquoise
C_WT,C,WT,P31412,VMA5,blue
C_WT,C,WT,P31539,HSP104,turquoise
C_WT,C,WT,P32191,GUT2,turquoise
C_WT,C,WT,P32316,ACH1,turquoise
C_WT,C,WT,P32324,EFT1,blue
C_WT,C,WT,P32327,PYC2,turquoise
C_WT,C,WT,P32340,NDI1,turquoise
C_WT,C,WT,P32352,ERG2,turquoise
C_WT,C,WT,P32379,PUP2,turquoise
C_WT,C,WT,P32381,ARP2,turquoise
C_WT,C,WT,P32386,YBT1,blue
C_WT,C,WT,P32445,RIM1,turquoise
C_WT,C,WT,P32454,APE2,turquoise
C_WT,C,WT,P32458,CDC11,blue
C_WT,C,WT,P32468,CDC12,turquoise
C_WT,C,WT,P32469,DPH5,turquoise
C_WT,C,WT,P32473,PDB1,turquoise
C_WT,C,WT,P32476,ERG1,turquoise
C_WT,C,WT,P32481,GCD11,turquoise
C_WT,C,WT,P32496,RPN12,blue
C_WT,C,WT,P32499,NUP2,unassigned
C_WT,C,WT,P32501,GCD6,blue
C_WT,C,WT,P32563,VPH1,turquoise
C_WT,C,WT,P32589,SSE1,turquoise
C_WT,C,WT,P32608,RTG2,turquoise
C_WT,C,WT,P32610,VMA8,turquoise
C_WT,C,WT,P32628,RAD23,blue
C_WT,C,WT,P32775,GLC3,turquoise
C_WT,C,WT,P32787,MGM101,turquoise
C_WT,C,WT,P32836,GSP2,turquoise
C_WT,C,WT,P32891,DLD1,turquoise
C_WT,C,WT,P32939,YPT7,unassigned
C_WT,C,WT,P33204,ARC19,turquoise
C_WT,C,WT,P33327,GDH2,turquoise
C_WT,C,WT,P33330,SER1,blue
C_WT,C,WT,P33333,SLC1,turquoise
C_WT,C,WT,P33416,HSP78,turquoise
C_WT,C,WT,P33734,HIS7,turquoise
C_WT,C,WT,P34167,TIF3,turquoise
C_WT,C,WT,P34216,EDE1,unassigned
C_WT,C,WT,P34221,PTC3,turquoise
C_WT,C,WT,P34223,SHP1,blue
C_WT,C,WT,P34227,PRX1,turquoise
C_WT,C,WT,P34730,BMH2,turquoise
C_WT,C,WT,P35719,MRP8,turquoise
C_WT,C,WT,P35844,KES1,blue
C_WT,C,WT,P36010,YNK1,turquoise
C_WT,C,WT,P36015,YKT6,blue
C_WT,C,WT,P36016,LHS1,turquoise
C_WT,C,WT,P36047,SDS22,turquoise
C_WT,C,WT,P36060,MCR1,turquoise
C_WT,C,WT,P36112,MIC60,turquoise
C_WT,C,WT,P36136,SHB17,turquoise
C_WT,C,WT,P36161,NUP133,turquoise
C_WT,C,WT,P37012,PGM2,turquoise
C_WT,C,WT,P37291,SHM2,turquoise
C_WT,C,WT,P37292,SHM1,turquoise
C_WT,C,WT,P37302,APE3,turquoise
C_WT,C,WT,P38009,ADE17,turquoise
C_WT,C,WT,P38061,RPL32,unassigned
C_WT,C,WT,P38071,ETR1,turquoise
C_WT,C,WT,P38075,PDX3,turquoise
C_WT,C,WT,P38077,ATP3,turquoise
C_WT,C,WT,P38115,ARA1,turquoise
C_WT,C,WT,P38116,ARL1,blue
C_WT,C,WT,P38137,PCS60,turquoise
C_WT,C,WT,P38205,NCL1,turquoise
C_WT,C,WT,P38219,OLA1,unassigned
C_WT,C,WT,P38250,IST2,turquoise
C_WT,C,WT,P38264,PHO88,turquoise
C_WT,C,WT,P38295,EHT1,blue
C_WT,C,WT,P38426,TPS3,turquoise
C_WT,C,WT,P38427,TSL1,turquoise
C_WT,C,WT,P38555,YPT31,blue
C_WT,C,WT,P38624,PRE3,turquoise
C_WT,C,WT,P38631,FKS1,blue
C_WT,C,WT,P38687,SRP68,unassigned
C_WT,C,WT,P38701,RPS20,turquoise
C_WT,C,WT,P38715,GRE3,turquoise
C_WT,C,WT,P38720,GND1,turquoise
C_WT,C,WT,P38791,DYS1,turquoise
C_WT,C,WT,P38820,UBA4,unassigned
C_WT,C,WT,P38821,APE4,turquoise
C_WT,C,WT,P38845,CRP1,turquoise
C_WT,C,WT,P38861,NMD3,blue
C_WT,C,WT,P38972,ADE6,turquoise
C_WT,C,WT,P38999,LYS9,turquoise
C_WT,C,WT,P39015,STM1,turquoise
C_WT,C,WT,P39076,CCT2,turquoise
C_WT,C,WT,P39517,DHH1,blue
C_WT,C,WT,P39522,ILV3,turquoise
C_WT,C,WT,P39533,ACO2,turquoise
C_WT,C,WT,P39685,POM152,blue
C_WT,C,WT,P39692,MET10,unassigned
C_WT,C,WT,P39714,BDH1,turquoise
C_WT,C,WT,P39958,GDI1,blue
C_WT,C,WT,P39966,PTC2,turquoise
C_WT,C,WT,P39968,VAC8,turquoise
C_WT,C,WT,P39976,DLD3,blue
C_WT,C,WT,P39986,SPF1,turquoise
C_WT,C,WT,P40010,NUG1,blue
C_WT,C,WT,P40047,ALD5,turquoise
C_WT,C,WT,P40053,AIM9,turquoise
C_WT,C,WT,P40093,YER156C,turquoise
C_WT,C,WT,P40185,MMF1,turquoise
C_WT,C,WT,P40215,NDE1,turquoise
C_WT,C,WT,P40302,PRE5,turquoise
C_WT,C,WT,P40303,PRE6,blue
C_WT,C,WT,P40327,RPT2,blue
C_WT,C,WT,P40477,NUP159,unassigned
C_WT,C,WT,P40495,LYS12,turquoise
C_WT,C,WT,P40510,SER33,turquoise
C_WT,C,WT,P40518,ARC15,unassigned
C_WT,C,WT,P40531,GVP36,turquoise
C_WT,C,WT,P40825,ALA1,blue
C_WT,C,WT,P40961,PHB1,turquoise
C_WT,C,WT,P41056,RPL33B,turquoise
C_WT,C,WT,P41057,RPS29A,unassigned
C_WT,C,WT,P41277,GPP1,blue
C_WT,C,WT,P41805,RPL10,blue
C_WT,C,WT,P41921,GLR1,turquoise
C_WT,C,WT,P42940,CIR1,turquoise
C_WT,C,WT,P42943,CCT7,turquoise
C_WT,C,WT,P43588,RPN11,blue
C_WT,C,WT,P43590,YFR006W,turquoise
C_WT,C,WT,P43593,UBP6,turquoise
C_WT,C,WT,P43616,DUG1,turquoise
C_WT,C,WT,P43621,RET2,turquoise
C_WT,C,WT,P46367,ALD4,turquoise
C_WT,C,WT,P46654;P32905,RPS0B,turquoise
C_WT,C,WT,P46680,AIP1,turquoise
C_WT,C,WT,P46681,DLD2,turquoise
C_WT,C,WT,P47039,BNA3,turquoise
C_WT,C,WT,P47047,MTR4,turquoise
C_WT,C,WT,P47068,BBC1,blue
C_WT,C,WT,P47079,CCT8,turquoise
C_WT,C,WT,P47117,ARP3,turquoise
C_WT,C,WT,P47120,LIA1,blue
C_WT,C,WT,P47143,ADO1,turquoise
C_WT,C,WT,P47176,BAT2,turquoise
C_WT,C,WT,P48015,GCV1,turquoise
C_WT,C,WT,P48837,NUP57,blue
C_WT,C,WT,P49095,GCV2,turquoise
C_WT,C,WT,P49723,RNR4,turquoise
C_WT,C,WT,P50101,UBP15,turquoise
C_WT,C,WT,P50861,RIB4,turquoise
C_WT,C,WT,P51401,RPL9B,turquoise
C_WT,C,WT,P52489,PYK2,unassigned
C_WT,C,WT,P52893,ALT1,turquoise
C_WT,C,WT,P52910,ACS2,blue
C_WT,C,WT,P53128,MET13,unassigned
C_WT,C,WT,P53131,PRP43,turquoise
C_WT,C,WT,P53199,ERG26,turquoise
C_WT,C,WT,P53221,RPL26B,turquoise
C_WT,C,WT,P53252,PIL1,turquoise
C_WT,C,WT,P53312,LSC2,turquoise
C_WT,C,WT,P53549,RPT4,turquoise
C_WT,C,WT,P53550,DCP2,turquoise
C_WT,C,WT,P53598,LSC1,turquoise
C_WT,C,WT,P53731,ARC35,turquoise
C_WT,C,WT,P53839,GOR1,turquoise
C_WT,C,WT,P53849,GIS2,blue
C_WT,C,WT,P53897,IGO1,blue
C_WT,C,WT,P53900,GIM3,turquoise
C_WT,C,WT,P54113,ADE16,turquoise
C_WT,C,WT,P54838,DAK1,turquoise
C_WT,C,WT,P54839,ERG13,blue
C_WT,C,WT,P54861,DNM1,blue
C_WT,C,WT,P60010,ACT1,blue
C_WT,C,WT,P80210,ADE12,turquoise
C_WT,C,WT,Q00245,RHO3,turquoise
C_WT,C,WT,Q00711,SDH1,turquoise
C_WT,C,WT,Q00764,TPS1,turquoise
C_WT,C,WT,Q01560,NPL3,blue
C_WT,C,WT,Q01662,MAP1,blue
C_WT,C,WT,Q02326,RPL6A,blue
C_WT,C,WT,Q02455,MLP1,blue
C_WT,C,WT,Q02486,ABF2,turquoise
C_WT,C,WT,Q02931,NAN1,blue
C_WT,C,WT,Q03104,MSC1,turquoise
C_WT,C,WT,Q03640,TCB3,blue
C_WT,C,WT,Q03690,CLU1,turquoise
C_WT,C,WT,Q03835,GRX3,turquoise
C_WT,C,WT,Q03973,HMO1,unassigned
C_WT,C,WT,Q04062,RPN9,turquoise
C_WT,C,WT,Q04225,RRB1,unassigned
C_WT,C,WT,Q04409,EMI2,turquoise
C_WT,C,WT,Q04491,SEC13,blue
C_WT,C,WT,Q04636,POB3,turquoise
C_WT,C,WT,Q05050,EIS1,turquoise
C_WT,C,WT,Q05775,HCR1,turquoise
C_WT,C,WT,Q05911,ADE13,turquoise
C_WT,C,WT,Q06103,RPN7,turquoise
C_WT,C,WT,Q06218,DBP9,blue
C_WT,C,WT,Q06523,YPR148C,turquoise
C_WT,C,WT,Q06625,GDB1,turquoise
C_WT,C,WT,Q07478,SUB2,turquoise
C_WT,C,WT,Q07623,NOP6,blue
C_WT,C,WT,Q08193,GAS5,unassigned
C_WT,C,WT,Q08208,NOP12,blue
C_WT,C,WT,Q08723,RPN8,turquoise
C_WT,C,WT,Q08972,NEW1,blue
C_WT,C,WT,Q08977,YPL260W,turquoise
C_WT,C,WT,Q10740,LAP2,turquoise
C_WT,C,WT,Q12029,FSF1,unassigned
C_WT,C,WT,Q12068,GRE2,turquoise
C_WT,C,WT,Q12114,CHS5,blue
C_WT,C,WT,Q12122,LYS21,blue
C_WT,C,WT,Q12178,FCY1,blue
C_WT,C,WT,Q12189,RKI1,blue
C_WT,C,WT,Q12230,LSP1,turquoise
C_WT,C,WT,Q12250,RPN5,turquoise
C_WT,C,WT,Q12285,MDY2,unassigned
C_WT,C,WT,Q12335,PST2,turquoise
C_WT,C,WT,Q12363,WTM1,turquoise
C_WT,C,WT,Q12377,RPN6,turquoise
C_WT,C,WT,Q12449,AHA1,turquoise
C_WT,C,WT,Q12451,OSH2,turquoise
C_WT,C,WT,Q12452,ERG27,turquoise
C_WT,C,WT,Q12458,YPR1,turquoise
C_WT,C,WT,Q12460,NOP56,blue
C_WT,C,WT,Q12466,TCB1,turquoise
C_WT,C,WT,Q12480,AIM45,turquoise
C_WT,C,WT,Q12499,NOP58,blue
C_WT,C,WT,Q12513,TMA17,turquoise
C_WT,C,WT,Q12532,RQC2,turquoise
C_WT,C,WT,Q12680,GLT1,turquoise
C_WT,C,WT,Q3E754,RPS21B,turquoise
C_WT,C,WT,Q3E792;P0C0T4,RPS25A,blue
C_WT,C,WT,Q3E841,YNR034W-A,turquoise
C_WT,C,WT,Q99383,HRP1,blue
C_rim15,C,rim15,O13297,CET1,turquoise
C_rim15,C,rim15,O14467,MBF1,blue
C_rim15,C,rim15,O74700,TIM9,turquoise
C_rim15,C,rim15,P00128,QCR7,turquoise
C_rim15,C,rim15,P00330,ADH1,turquoise
C_rim15,C,rim15,P00427,COX6,turquoise
C_rim15,C,rim15,P00431,CCP1,turquoise
C_rim15,C,rim15,P00445,SOD1,turquoise
C_rim15,C,rim15,P00447,SOD2,turquoise
C_rim15,C,rim15,P00546,CDC28,unassigned
C_rim15,C,rim15,P00812,CAR1,turquoise
C_rim15,C,rim15,P00815,HIS4,turquoise
C_rim15,C,rim15,P00817,IPP1,turquoise
C_rim15,C,rim15,P00830,ATP2,turquoise
C_rim15,C,rim15,P00890,CIT1,turquoise
C_rim15,C,rim15,P00899,TRP2,turquoise
C_rim15,C,rim15,P00931,TRP5,turquoise
C_rim15,C,rim15,P00937,TRP3,unassigned
C_rim15,C,rim15,P00942,TPI1,turquoise
C_rim15,C,rim15,P00950,GPM1,turquoise
C_rim15,C,rim15,P00958,MES1,turquoise
C_rim15,C,rim15,P01120,RAS2,turquoise
C_rim15,C,rim15,P01123,YPT1,turquoise
C_rim15,C,rim15,P02294;P02293,HTB2,turquoise
C_rim15,C,rim15,P02309,HHF1,turquoise
C_rim15,C,rim15,P02400,RPP2B,unassigned
C_rim15,C,rim15,P02406,RPL28,blue
C_rim15,C,rim15,P02829,HSP82,turquoise
C_rim15,C,rim15,P02992,TUF1,turquoise
C_rim15,C,rim15,P03962,URA3,turquoise
C_rim15,C,rim15,P04037,COX4,turquoise
C_rim15,C,rim15,P04046,ADE4,turquoise
C_rim15,C,rim15,P04076,ARG4,turquoise
C_rim15,C,rim15,P04456,RPL25,turquoise
C_rim15,C,rim15,P04802,DPS1,turquoise
C_rim15,C,rim15,P04806,HXK1,turquoise
C_rim15,C,rim15,P04807,HXK2,turquoise
C_rim15,C,rim15,P04840,POR1,turquoise
C_rim15,C,rim15,P04912;P04911,HTA2,turquoise
C_rim15,C,rim15,P05030,PMA1,turquoise
C_rim15,C,rim15,P05317,RPP0,turquoise
C_rim15,C,rim15,P05453,SUP35,turquoise
C_rim15,C,rim15,P05626,ATP4,turquoise
C_rim15,C,rim15,P05694,MET6,turquoise
C_rim15,C,rim15,P05739,RPL6B,turquoise
C_rim15,C,rim15,P05740,RPL17A,unassigned
C_rim15,C,rim15,P05744,RPL33A,turquoise
C_rim15,C,rim15,P05748,RPL15A,turquoise
C_rim15,C,rim15,P05756,RPS13,turquoise
C_rim15,C,rim15,P06101,CDC37,turquoise
C_rim15,C,rim15,P06102,NOT3,turquoise
C_rim15,C,rim15,P06105,SCP160,turquoise
C_rim15,C,rim15,P06106,MET17,turquoise
C_rim15,C,rim15,P06168,ILV5,turquoise
C_rim15,C,rim15,P06169;Q07471,PDC1,turquoise
C_rim15,C,rim15,P06208,LEU4,turquoise
C_rim15,C,rim15,P06367,RPS14A,turquoise
C_rim15,C,rim15,P06634,DED1,turquoise
C_rim15,C,rim15,P06704,CDC31,turquoise
C_rim15,C,rim15,P06738,GPH1,turquoise
C_rim15,C,rim15,P06785,CDC21,turquoise
C_rim15,C,rim15,P06787,CMD1,turquoise
C_rim15,C,rim15,P07143,CYT1,turquoise
C_rim15,C,rim15,P07149,FAS1,turquoise
C_rim15,C,rim15,P07172,HIS5,turquoise
C_rim15,C,rim15,P07244,"ADE5,7",turquoise
C_rim15,C,rim15,P07246,ADH3,turquoise
C_rim15,C,rim15,P07251,ATP1,turquoise
C_rim15,C,rim15,P07256,COR1,turquoise
C_rim15,C,rim15,P07257,QCR2,turquoise
C_rim15,C,rim15,P07259,URA2,turquoise
C_rim15,C,rim15,P07262,GDH1,turquoise
C_rim15,C,rim15,P07263,HTS1,turquoise
C_rim15,C,rim15,P07264,LEU1,turquoise
C_rim15,C,rim15,P07267,PEP4,turquoise
C_rim15,C,rim15,P07273,DST1,turquoise
C_rim15,C,rim15,P07275,PUT2,turquoise
C_rim15,C,rim15,P07277,ERG12,blue
C_rim15,C,rim15,P07278,BCY1,turquoise
C_rim15,C,rim15,P07283,SEC53,blue
C_rim15,C,rim15,P07285,TRP4,turquoise
C_rim15,C,rim15,P07560,SEC4,turquoise
C_rim15,C,rim15,P07703,RPC40,turquoise
C_rim15,C,rim15,P07806,VAS1,unassigned
C_rim15,C,rim15,P07991,CAR2,turquoise
C_rim15,C,rim15,P08417,FUM1,turquoise
C_rim15,C,rim15,P08518,RPB2,turquoise
C_rim15,C,rim15,P08524,ERG20,turquoise
C_rim15,C,rim15,P08566,ARO1,turquoise
C_rim15,C,rim15,P09064,SUI3,unassigned
C_rim15,C,rim15,P09232,PRB1,turquoise
C_rim15,C,rim15,P09436,ILS1,unassigned
C_rim15,C,rim15,P09440,MIS1,turquoise
C_rim15,C,rim15,P09457,ATP5,turquoise
C_rim15,C,rim15,P09624,LPD1,turquoise
C_rim15,C,rim15,P09938,RNR2,turquoise
C_rim15,C,rim15,P0C2H7;P0C2H6,RPL27B,turquoise
C_rim15,C,rim15,P0CS90,SSC1,turquoise
C_rim15,C,rim15,P0CX24;P0CX23,RPL20B,unassigned
C_rim15,C,rim15,P0CX26;P0CX25,RPL43B,turquoise
C_rim15,C,rim15,P0CX32;P0CX31,RPS24B,turquoise
C_rim15,C,rim15,P0CX34;P0CX33,RPS30B,turquoise
C_rim15,C,rim15,P0CX36;P0CX35,RPS4B,turquoise
C_rim15,C,rim15,P0CX40;P0CX39,RPS8B,turquoise
C_rim15,C,rim15,P0CX42;P0CX41,RPL23B,turquoise
C_rim15,C,rim15,P0CX46;P0CX45,RPL2B,unassigned
C_rim15,C,rim15,P0CX48;P0CX47,RPS11B,turquoise
C_rim15,C,rim15,P0CX52;P0CX51,RPS16B,turquoise
C_rim15,C,rim15,P0CX54;P0CX53,RPL12B,turquoise
C_rim15,C,rim15,P0CX56;P0CX55,RPS18B,unassigned
C_rim15,C,rim15,P0CX85;P0CX84,RPL35B,unassigned
C_rim15,C,rim15,P10081,TIF1,turquoise
C_rim15,C,rim15,P10591,SSA1,turquoise
C_rim15,C,rim15,P10592,SSA2,turquoise
C_rim15,C,rim15,P10664,RPL4A,blue
C_rim15,C,rim15,P10964,RPA190,turquoise
C_rim15,C,rim15,P11075,SEC7,turquoise
C_rim15,C,rim15,P11076,ARF1,turquoise
C_rim15,C,rim15,P11353,HEM13,turquoise
C_rim15,C,rim15,P11412,ZWF1,turquoise
C_rim15,C,rim15,P11484,SSB1,turquoise
C_rim15,C,rim15,P11633,NHP6B,turquoise
C_rim15,C,rim15,P12688,YPK1,turquoise
C_rim15,C,rim15,P12709,PGI1,turquoise
C_rim15,C,rim15,P13517,CAP2,turquoise
C_rim15,C,rim15,P14742,GFA1,unassigned
C_rim15,C,rim15,P14743,NMT1,turquoise
C_rim15,C,rim15,P14832,CPR1,turquoise
C_rim15,C,rim15,P14904,APE1,turquoise
C_rim15,C,rim15,P14906,SEC63,turquoise
C_rim15,C,rim15,P15019,TAL1,turquoise
C_rim15,C,rim15,P15108,HSC82,turquoise
C_rim15,C,rim15,P15180,KRS1,turquoise
C_rim15,C,rim15,P15454,GUK1,turquoise
C_rim15,C,rim15,P15496,IDI1,turquoise
C_rim15,C,rim15,P15624,FRS1,unassigned
C_rim15,C,rim15,P15625,FRS2,turquoise
C_rim15,C,rim15,P15705,STI1,turquoise
C_rim15,C,rim15,P16387,PDA1,turquoise
C_rim15,C,rim15,P16474,KAR2,turquoise
C_rim15,C,rim15,P16521,YEF3,turquoise
C_rim15,C,rim15,P16547,OM45,turquoise
C_rim15,C,rim15,P16649,TUP1,turquoise
C_rim15,C,rim15,P16861,PFK1,turquoise
C_rim15,C,rim15,P16862,PFK2,turquoise
C_rim15,C,rim15,P17157,PHO85,turquoise
C_rim15,C,rim15,P17255,VMA1,turquoise
C_rim15,C,rim15,P17505,MDH1,turquoise
C_rim15,C,rim15,P17536,TPM1,turquoise
C_rim15,C,rim15,P17555,SRV2,turquoise
C_rim15,C,rim15,P17709,GLK1,turquoise
C_rim15,C,rim15,P17891,CLC1,turquoise
C_rim15,C,rim15,P18239;P18238,PET9,turquoise
C_rim15,C,rim15,P18562,FUR1,turquoise
C_rim15,C,rim15,P19097,FAS2,turquoise
C_rim15,C,rim15,P19358,SAM2,turquoise
C_rim15,C,rim15,P19414,ACO1,turquoise
C_rim15,C,rim15,P19882,HSP60,turquoise
C_rim15,C,rim15,P20081,FPR1,turquoise
C_rim15,C,rim15,P20447,DBP3,turquoise
C_rim15,C,rim15,P20606,SAR1,turquoise
C_rim15,C,rim15,P20967,KGD1,turquoise
C_rim15,C,rim15,P21242,PRE10,turquoise
C_rim15,C,rim15,P21243,SCL1,turquoise
C_rim15,C,rim15,P21264,ADE2,turquoise
C_rim15,C,rim15,P21801,SDH2,blue
C_rim15,C,rim15,P21954,IDP1,turquoise
C_rim15,C,rim15,P22137,CHC1,turquoise
C_rim15,C,rim15,P22146,GAS1,turquoise
C_rim15,C,rim15,P22217,TRX1,turquoise
C_rim15,C,rim15,P22336,RFA1,turquoise
C_rim15,C,rim15,P22515,UBA1,turquoise
C_rim15,C,rim15,P22855,AMS1,turquoise
C_rim15,C,rim15,P23180,AIM17,turquoise
C_rim15,C,rim15,P23254,TKL1,turquoise
C_rim15,C,rim15,P23301,HYP2,turquoise
C_rim15,C,rim15,P23542,AAT2,turquoise
C_rim15,C,rim15,P23615,SPT6,turquoise
C_rim15,C,rim15,P23639,PRE8,turquoise
C_rim15,C,rim15,P23641,MIR1,turquoise
C_rim15,C,rim15,P23644,TOM40,turquoise
C_rim15,C,rim15,P23724,PRE7,turquoise
C_rim15,C,rim15,P24276,SSD1,brown
C_rim15,C,rim15,P24280,SEC14,blue
C_rim15,C,rim15,P24521,ERG8,unassigned
C_rim15,C,rim15,P24783,DBP2,turquoise
C_rim15,C,rim15,P25039,MEF1,turquoise
C_rim15,C,rim15,P25087,ERG6,turquoise
C_rim15,C,rim15,P25293,NAP1,turquoise
C_rim15,C,rim15,P25294,SIS1,turquoise
C_rim15,C,rim15,P25343,RVS161,turquoise
C_rim15,C,rim15,P25349,YCP4,turquoise
C_rim15,C,rim15,P25367,RNQ1,turquoise
C_rim15,C,rim15,P25373,GRX1,turquoise
C_rim15,C,rim15,P25374,NFS1,turquoise
C_rim15,C,rim15,P25443,RPS2,turquoise
C_rim15,C,rim15,P25451,PUP3,turquoise
C_rim15,C,rim15,P25491,YDJ1,turquoise
C_rim15,C,rim15,P25567,SRO9,turquoise
C_rim15,C,rim15,P25574,EMC1,unassigned
C_rim15,C,rim15,P25605,ILV6,turquoise
C_rim15,C,rim15,P25623,SYP1,turquoise
C_rim15,C,rim15,P25694,CDC48,turquoise
C_rim15,C,rim15,P26783,RPS5,turquoise
C_rim15,C,rim15,P26784,RPL16A,turquoise
C_rim15,C,rim15,P26785,RPL16B,turquoise
C_rim15,C,rim15,P26786,RPS7A,turquoise
C_rim15,C,rim15,P27472,GSY2,turquoise
C_rim15,C,rim15,P27616,ADE1,turquoise
C_rim15,C,rim15,P27692,SPT5,unassigned
C_rim15,C,rim15,P27810,KTR1,turquoise
C_rim15,C,rim15,P28241,IDH2,turquoise
C_rim15,C,rim15,P28274,URA7,turquoise
C_rim15,C,rim15,P28789,HEM3,turquoise
C_rim15,C,rim15,P28834,IDH1,turquoise
C_rim15,C,rim15,P29311,BMH1,turquoise
C_rim15,C,rim15,P29453,RPL8B,turquoise
C_rim15,C,rim15,P29952,PMI40,unassigned
C_rim15,C,rim15,P30624,FAA1,turquoise
C_rim15,C,rim15,P30657,PRE4,turquoise
C_rim15,C,rim15,P30822,CRM1,turquoise
C_rim15,C,rim15,P30902,ATP7,turquoise
C_rim15,C,rim15,P31383,TPD3,turquoise
C_rim15,C,rim15,P31412,VMA5,turquoise
C_rim15,C,rim15,P31539,HSP104,turquoise
C_rim15,C,rim15,P32074,SEC21,turquoise
C_rim15,C,rim15,P32191,GUT2,turquoise
C_rim15,C,rim15,P32263,PRO3,brown
C_rim15,C,rim15,P32288,GLN1,turquoise
C_rim15,C,rim15,P32316,ACH1,turquoise
C_rim15,C,rim15,P32324,EFT1,turquoise
C_rim15,C,rim15,P32327,PYC2,turquoise
C_rim15,C,rim15,P32337,PSE1,unassigned
C_rim15,C,rim15,P32340,NDI1,turquoise
C_rim15,C,rim15,P32368,SAC1,turquoise
C_rim15,C,rim15,P32379,PUP2,turquoise
C_rim15,C,rim15,P32381,ARP2,unassigned
C_rim15,C,rim15,P32419,MDH3,turquoise
C_rim15,C,rim15,P32445,RIM1,turquoise
C_rim15,C,rim15,P32449,ARO4,turquoise
C_rim15,C,rim15,P32454,APE2,turquoise
C_rim15,C,rim15,P32458,CDC11,turquoise
C_rim15,C,rim15,P32468,CDC12,turquoise
C_rim15,C,rim15,P32469,DPH5,turquoise
C_rim15,C,rim15,P32476,ERG1,turquoise
C_rim15,C,rim15,P32481,GCD11,turquoise
C_rim15,C,rim15,P32499,NUP2,turquoise
C_rim15,C,rim15,P32521,PAN1,turquoise
C_rim15,C,rim15,P32558,SPT16,turquoise
C_rim15,C,rim15,P32563,VPH1,turquoise
C_rim15,C,rim15,P32565,RPN2,turquoise
C_rim15,C,rim15,P32589,SSE1,turquoise
C_rim15,C,rim15,P32599,SAC6,turquoise
C_rim15,C,rim15,P32602,SEC17,turquoise
C_rim15,C,rim15,P32608,RTG2,turquoise
C_rim15,C,rim15,P32610,VMA8,unassigned
C_rim15,C,rim15,P32614,FRD1,turquoise
C_rim15,C,rim15,P32628,RAD23,turquoise
C_rim15,C,rim15,P32769,HBS1,turquoise
C_rim15,C,rim15,P32775,GLC3,turquoise
C_rim15,C,rim15,P32787,MGM101,unassigned
C_rim15,C,rim15,P32803,EMP24,turquoise
C_rim15,C,rim15,P32832,NPL6,unassigned
C_rim15,C,rim15,P32836,GSP2,turquoise
C_rim15,C,rim15,P32891,DLD1,turquoise
C_rim15,C,rim15,P32895,PRS1,turquoise
C_rim15,C,rim15,P32911,SUI1,turquoise
C_rim15,C,rim15,P32939,YPT7,turquoise
C_rim15,C,rim15,P33204,ARC19,turquoise
C_rim15,C,rim15,P33297,RPT5,unassigned
C_rim15,C,rim15,P33322,CBF5,turquoise
C_rim15,C,rim15,P33327,GDH2,turquoise
C_rim15,C,rim15,P33330,SER1,turquoise
C_rim15,C,rim15,P33416,HSP78,turquoise
C_rim15,C,rim15,P33734,HIS7,turquoise
C_rim15,C,rim15,P33892,GCN1,turquoise
C_rim15,C,rim15,P34077,NIC96,turquoise
C_rim15,C,rim15,P34167,TIF3,turquoise
C_rim15,C,rim15,P34216,EDE1,turquoise
C_rim15,C,rim15,P34221,PTC3,turquoise
C_rim15,C,rim15,P34227,PRX1,turquoise
C_rim15,C,rim15,P34730,BMH2,turquoise
C_rim15,C,rim15,P35176,CPR5,turquoise
C_rim15,C,rim15,P35180,TOM20,turquoise
C_rim15,C,rim15,P35719,MRP8,turquoise
C_rim15,C,rim15,P36010,YNK1,turquoise
C_rim15,C,rim15,P36015,YKT6,turquoise
C_rim15,C,rim15,P36018,YPT52,turquoise
C_rim15,C,rim15,P36037,DOA1,turquoise
C_rim15,C,rim15,P36046,MIA40,turquoise
C_rim15,C,rim15,P36047,SDS22,turquoise
C_rim15,C,rim15,P36060,MCR1,turquoise
C_rim15,C,rim15,P36112,MIC60,turquoise
C_rim15,C,rim15,P36114,YKR018C,turquoise
C_rim15,C,rim15,P36160,RPF2,brown
C_rim15,C,rim15,P36161,NUP133,turquoise
C_rim15,C,rim15,P37012,PGM2,turquoise
C_rim15,C,rim15,P37262,SOL2,turquoise
C_rim15,C,rim15,P37291,SHM2,turquoise
C_rim15,C,rim15,P37302,APE3,turquoise
C_rim15,C,rim15,P38009,ADE17,turquoise
C_rim15,C,rim15,P38011,ASC1,turquoise
C_rim15,C,rim15,P38061,RPL32,unassigned
C_rim15,C,rim15,P38071,ETR1,turquoise
C_rim15,C,rim15,P38077,ATP3,turquoise
C_rim15,C,rim15,P38115,ARA1,turquoise
C_rim15,C,rim15,P38137,PCS60,turquoise
C_rim15,C,rim15,P38219,OLA1,blue
C_rim15,C,rim15,P38248,ECM33,turquoise
C_rim15,C,rim15,P38250,IST2,turquoise
C_rim15,C,rim15,P38286,IFA38,turquoise
C_rim15,C,rim15,P38426,TPS3,turquoise
C_rim15,C,rim15,P38427,TSL1,turquoise
C_rim15,C,rim15,P38523,MGE1,turquoise
C_rim15,C,rim15,P38555,YPT31,turquoise
C_rim15,C,rim15,P38616,YGP1,turquoise
C_rim15,C,rim15,P38624,PRE3,turquoise
C_rim15,C,rim15,P38631,FKS1,turquoise
C_rim15,C,rim15,P38689,PRS3,unassigned
C_rim15,C,rim15,P38701,RPS20,turquoise
C_rim15,C,rim15,P38711;P35997,RPS27B,turquoise
C_rim15,C,rim15,P38715,GRE3,turquoise
C_rim15,C,rim15,P38720,GND1,turquoise
C_rim15,C,rim15,P38764,RPN1,turquoise
C_rim15,C,rim15,P38765,YHI9,turquoise
C_rim15,C,rim15,P38773;P38774,DOG2,turquoise
C_rim15,C,rim15,P38788,SSZ1,turquoise
C_rim15,C,rim15,P38791,DYS1,turquoise
C_rim15,C,rim15,P38795,QNS1,turquoise
C_rim15,C,rim15,P38817,GGA2,turquoise
C_rim15,C,rim15,P38820,UBA4,turquoise
C_rim15,C,rim15,P38879,EGD2,turquoise
C_rim15,C,rim15,P38886,RPN10,turquoise
C_rim15,C,rim15,P38891,BAT1,turquoise
C_rim15,C,rim15,P38910,HSP10,brown
C_rim15,C,rim15,P38912,TIF11,turquoise
C_rim15,C,rim15,P38996,NAB3,turquoise
C_rim15,C,rim15,P39004,HXT7,turquoise
C_rim15,C,rim15,P39007,STT3,turquoise
C_rim15,C,rim15,P39015,STM1,blue
C_rim15,C,rim15,P39079,CCT6,turquoise
C_rim15,C,rim15,P39522,ILV3,turquoise
C_rim15,C,rim15,P39533,ACO2,turquoise
C_rim15,C,rim15,P39685,POM152,turquoise
C_rim15,C,rim15,P39692,MET10,unassigned
C_rim15,C,rim15,P39714,BDH1,turquoise
C_rim15,C,rim15,P39926,SSO2,turquoise
C_rim15,C,rim15,P39940,RSP5,turquoise
C_rim15,C,rim15,P39958,GDI1,turquoise
C_rim15,C,rim15,P39960,BEM2,turquoise
C_rim15,C,rim15,P39966,PTC2,turquoise
C_rim15,C,rim15,P39976,DLD3,turquoise
C_rim15,C,rim15,P40010,NUG1,turquoise
C_rim15,C,rim15,P40016,RPN3,turquoise
C_rim15,C,rim15,P40024,ARB1,turquoise
C_rim15,C,rim15,P40037,HMF1,turquoise
C_rim15,C,rim15,P40047,ALD5,turquoise
C_rim15,C,rim15,P40053,AIM9,turquoise
C_rim15,C,rim15,P40069,KAP123,unassigned
C_rim15,C,rim15,P40185,MMF1,turquoise
C_rim15,C,rim15,P40212,RPL13B,unassigned
C_rim15,C,rim15,P40215,NDE1,turquoise
C_rim15,C,rim15,P40302,PRE5,turquoise
C_rim15,C,rim15,P40414,TPM2,turquoise
C_rim15,C,rim15,P40471,AYR1,turquoise
C_rim15,C,rim15,P40482,SEC24,turquoise
C_rim15,C,rim15,P40495,LYS12,turquoise
C_rim15,C,rim15,P40510,SER33,turquoise
C_rim15,C,rim15,P40515,FIS1,turquoise
C_rim15,C,rim15,P40531,GVP36,turquoise
C_rim15,C,rim15,P40961,PHB1,turquoise
C_rim15,C,rim15,P41056,RPL33B,turquoise
C_rim15,C,rim15,P41277,GPP1,turquoise
C_rim15,C,rim15,P41807,VMA13,turquoise
C_rim15,C,rim15,P41810,SEC26,turquoise
C_rim15,C,rim15,P41895,TFG1,turquoise
C_rim15,C,rim15,P41921,GLR1,turquoise
C_rim15,C,rim15,P41940,PSA1,turquoise
C_rim15,C,rim15,P42940,CIR1,turquoise
C_rim15,C,rim15,P42943,CCT7,turquoise
C_rim15,C,rim15,P43123,QRI1,turquoise
C_rim15,C,rim15,P43588,RPN11,turquoise
C_rim15,C,rim15,P43590,YFR006W,turquoise
C_rim15,C,rim15,P43603,LSB3,turquoise
C_rim15,C,rim15,P43616,DUG1,turquoise
C_rim15,C,rim15,P43621,RET2,turquoise
C_rim15,C,rim15,P46367,ALD4,turquoise
C_rim15,C,rim15,P46654;P32905,RPS0B,turquoise
C_rim15,C,rim15,P46680,AIP1,turquoise
C_rim15,C,rim15,P46681,DLD2,turquoise
C_rim15,C,rim15,P46971,PMT4,turquoise
C_rim15,C,rim15,P46990,RPL17B,turquoise
C_rim15,C,rim15,P47018,MTC1,turquoise
C_rim15,C,rim15,P47039,BNA3,turquoise
C_rim15,C,rim15,P47068,BBC1,turquoise
C_rim15,C,rim15,P47117,ARP3,turquoise
C_rim15,C,rim15,P47120,LIA1,turquoise
C_rim15,C,rim15,P47143,ADO1,turquoise
C_rim15,C,rim15,P47154,STE24,turquoise
C_rim15,C,rim15,P47176,BAT2,turquoise
C_rim15,C,rim15,P48015,GCV1,turquoise
C_rim15,C,rim15,P48164,RPS7B,turquoise
C_rim15,C,rim15,P48362,HGH1,unassigned
C_rim15,C,rim15,P48589,RPS12,turquoise
C_rim15,C,rim15,P48836,VMA10,turquoise
C_rim15,C,rim15,P48837,NUP57,turquoise
C_rim15,C,rim15,P49095,GCV2,turquoise
C_rim15,C,rim15,P49167,RPL38,brown
C_rim15,C,rim15,P49723,RNR4,turquoise
C_rim15,C,rim15,P50094,IMD4,turquoise
C_rim15,C,rim15,P50095,IMD3,turquoise
C_rim15,C,rim15,P50101,UBP15,turquoise
C_rim15,C,rim15,P52489,PYK2,turquoise
C_rim15,C,rim15,P52893,ALT1,turquoise
C_rim15,C,rim15,P52910,ACS2,turquoise
C_rim15,C,rim15,P53081,NIF3,turquoise
C_rim15,C,rim15,P53090,ARO8,turquoise
C_rim15,C,rim15,P53128,MET13,turquoise
C_rim15,C,rim15,P53184,PNC1,turquoise
C_rim15,C,rim15,P53221,RPL26B,turquoise
C_rim15,C,rim15,P53252,PIL1,turquoise
C_rim15,C,rim15,P53254,UTP22,turquoise
C_rim15,C,rim15,P53261,NOP7,turquoise
C_rim15,C,rim15,P53278,YGR130C,turquoise
C_rim15,C,rim15,P53295,RBG2,turquoise
C_rim15,C,rim15,P53299,TIM13,turquoise
C_rim15,C,rim15,P53303,ZPR1,brown
C_rim15,C,rim15,P53312,LSC2,turquoise
C_rim15,C,rim15,P53549,RPT4,turquoise
C_rim15,C,rim15,P53550,DCP2,turquoise
C_rim15,C,rim15,P53598,LSC1,turquoise
C_rim15,C,rim15,P53622,COP1,turquoise
C_rim15,C,rim15,P53721,RCF2,turquoise
C_rim15,C,rim15,P53834,HCH1,turquoise
C_rim15,C,rim15,P53839,GOR1,turquoise
C_rim15,C,rim15,P53849,GIS2,unassigned
C_rim15,C,rim15,P53914,KRE33,turquoise
C_rim15,C,rim15,P53920,NMA111,brown
C_rim15,C,rim15,P54838,DAK1,turquoise
C_rim15,C,rim15,P54839,ERG13,turquoise
C_rim15,C,rim15,P54861,DNM1,turquoise
C_rim15,C,rim15,P54885,PRO2,turquoise
C_rim15,C,rim15,P57744,TIM8,turquoise
C_rim15,C,rim15,P60010,ACT1,unassigned
C_rim15,C,rim15,P80210,ADE12,turquoise
C_rim15,C,rim15,P87108,TIM10,turquoise
C_rim15,C,rim15,Q00055,GPD1,turquoise
C_rim15,C,rim15,Q00245,RHO3,turquoise
C_rim15,C,rim15,Q00711,SDH1,turquoise
C_rim15,C,rim15,Q00764,TPS1,turquoise
C_rim15,C,rim15,Q00955,ACC1,turquoise
C_rim15,C,rim15,Q01217,"ARG5,6",turquoise
C_rim15,C,rim15,Q01662,MAP1,turquoise
C_rim15,C,rim15,Q01855,RPS15,blue
C_rim15,C,rim15,Q01939,RPT6,turquoise
C_rim15,C,rim15,Q02326,RPL6A,turquoise
C_rim15,C,rim15,Q02455,MLP1,turquoise
C_rim15,C,rim15,Q02486,ABF2,turquoise
C_rim15,C,rim15,Q02753,RPL21A,unassigned
C_rim15,C,rim15,Q02821,SRP1,turquoise
C_rim15,C,rim15,Q03048,COF1,turquoise
C_rim15,C,rim15,Q03088,SVL3,turquoise
C_rim15,C,rim15,Q03104,MSC1,turquoise
C_rim15,C,rim15,Q03124,RSC9,turquoise
C_rim15,C,rim15,Q03640,TCB3,turquoise
C_rim15,C,rim15,Q03690,CLU1,turquoise
C_rim15,C,rim15,Q03835,GRX3,turquoise
C_rim15,C,rim15,Q03862,ARX1,blue
C_rim15,C,rim15,Q04062,RPN9,turquoise
C_rim15,C,rim15,Q04067,TIF35,turquoise
C_rim15,C,rim15,Q04178,HPT1,turquoise
C_rim15,C,rim15,Q04409,EMI2,turquoise
C_rim15,C,rim15,Q04636,POB3,turquoise
C_rim15,C,rim15,Q04660,ERB1,turquoise
C_rim15,C,rim15,Q04697,GSF2,turquoise
C_rim15,C,rim15,Q04728,ARG7,turquoise
C_rim15,C,rim15,Q04894,ADH6,turquoise
C_rim15,C,rim15,Q05022,RRP5,turquoise
C_rim15,C,rim15,Q05050,EIS1,turquoise
C_rim15,C,rim15,Q05515,SVF1,turquoise
C_rim15,C,rim15,Q05775,HCR1,turquoise
C_rim15,C,rim15,Q05905,HRI1,turquoise
C_rim15,C,rim15,Q05911,ADE13,turquoise
C_rim15,C,rim15,Q06103,RPN7,turquoise
C_rim15,C,rim15,Q06142,KAP95,turquoise
C_rim15,C,rim15,Q06218,DBP9,turquoise
C_rim15,C,rim15,Q06523,YPR148C,turquoise
C_rim15,C,rim15,Q06625,GDB1,turquoise
C_rim15,C,rim15,Q06685,VIP1,turquoise
C_rim15,C,rim15,Q07451,YET3,turquoise
C_rim15,C,rim15,Q07457,BRE1,turquoise
C_rim15,C,rim15,Q07478,SUB2,turquoise
C_rim15,C,rim15,Q07623,NOP6,turquoise
C_rim15,C,rim15,Q07807,PUF3,unassigned
C_rim15,C,rim15,Q07878,VPS13,unassigned
C_rim15,C,rim15,Q08193,GAS5,turquoise
C_rim15,C,rim15,Q08208,NOP12,turquoise
C_rim15,C,rim15,Q08220,GSH2,turquoise
C_rim15,C,rim15,Q08245,ZEO1,turquoise
C_rim15,C,rim15,Q08645,MET7,turquoise
C_rim15,C,rim15,Q08745;P46784,RPS10A,turquoise
C_rim15,C,rim15,Q08822,CIR2,turquoise
C_rim15,C,rim15,Q08971,YPL225W,turquoise
C_rim15,C,rim15,Q08972,NEW1,turquoise
C_rim15,C,rim15,Q08977,YPL260W,turquoise
C_rim15,C,rim15,Q12029,FSF1,unassigned
C_rim15,C,rim15,Q12068,GRE2,turquoise
C_rim15,C,rim15,Q12114,CHS5,turquoise
C_rim15,C,rim15,Q12118,SGT2,turquoise
C_rim15,C,rim15,Q12122,LYS21,turquoise
C_rim15,C,rim15,Q12154,GET3,turquoise
C_rim15,C,rim15,Q12159,YRA1,turquoise
C_rim15,C,rim15,Q12178,FCY1,unassigned
C_rim15,C,rim15,Q12189,RKI1,turquoise
C_rim15,C,rim15,Q12230,LSP1,turquoise
C_rim15,C,rim15,Q12250,RPN5,turquoise
C_rim15,C,rim15,Q12335,PST2,turquoise
C_rim15,C,rim15,Q12363,WTM1,turquoise
C_rim15,C,rim15,Q12377,RPN6,turquoise
C_rim15,C,rim15,Q12447,PAA1,turquoise
C_rim15,C,rim15,Q12449,AHA1,turquoise
C_rim15,C,rim15,Q12451,OSH2,turquoise
C_rim15,C,rim15,Q12452,ERG27,turquoise
C_rim15,C,rim15,Q12466,TCB1,turquoise
C_rim15,C,rim15,Q12480,AIM45,turquoise
C_rim15,C,rim15,Q12513,TMA17,turquoise
C_rim15,C,rim15,Q12532,RQC2,turquoise
C_rim15,C,rim15,Q12680,GLT1,turquoise
C_rim15,C,rim15,Q12754,RRP12,turquoise
C_rim15,C,rim15,Q3E754,RPS21B,turquoise
C_rim15,C,rim15,Q3E764,TMA7,blue
C_rim15,C,rim15,Q3E7X9,RPS28A,turquoise
C_rim15,C,rim15,Q3E841,YNR034W-A,turquoise
P_WT,P,WT,O14455,RPL36B,turquoise
P_WT,P,WT,O14467,MBF1,turquoise
P_WT,P,WT,O43137,YBR085C-A,unassigned
P_WT,P,WT,O74700,TIM9,turquoise
P_WT,P,WT,P00128,QCR7,blue
P_WT,P,WT,P00330,ADH1,blue
P_WT,P,WT,P00358,TDH2,turquoise
P_WT,P,WT,P00359,TDH3,blue
P_WT,P,WT,P00360,TDH1,blue
P_WT,P,WT,P00427,COX6,blue
P_WT,P,WT,P00431,CCP1,blue
P_WT,P,WT,P00445,SOD1,blue
P_WT,P,WT,P00447,SOD2,blue
P_WT,P,WT,P00498,HIS1,blue
P_WT,P,WT,P00549,CDC19,blue
P_WT,P,WT,P00560,PGK1,blue
P_WT,P,WT,P00729,PRC1,blue
P_WT,P,WT,P00812,CAR1,turquoise
P_WT,P,WT,P00815,HIS4,blue
P_WT,P,WT,P00817,IPP1,blue
P_WT,P,WT,P00830,ATP2,blue
P_WT,P,WT,P00890,CIT1,blue
P_WT,P,WT,P00899,TRP2,turquoise
P_WT,P,WT,P00924,ENO1,blue
P_WT,P,WT,P00925,ENO2,brown
P_WT,P,WT,P00927,ILV1,brown
P_WT,P,WT,P00931,TRP5,turquoise
P_WT,P,WT,P00942,TPI1,turquoise
P_WT,P,WT,P00950,GPM1,blue
P_WT,P,WT,P00958,MES1,turquoise
P_WT,P,WT,P01120,RAS2,blue
P_WT,P,WT,P01123,YPT1,turquoise
P_WT,P,WT,P02294;P02293,HTB2,turquoise
P_WT,P,WT,P02309,HHF1,turquoise
P_WT,P,WT,P02400,RPP2B,turquoise
P_WT,P,WT,P02406,RPL28,turquoise
P_WT,P,WT,P02557,TUB2,unassigned
P_WT,P,WT,P02992,TUF1,turquoise
P_WT,P,WT,P02994,TEF1,turquoise
P_WT,P,WT,P03962,URA3,turquoise
P_WT,P,WT,P03965,CPA2,turquoise
P_WT,P,WT,P04037,COX4,blue
P_WT,P,WT,P04046,ADE4,blue
P_WT,P,WT,P04050,RPO21,turquoise
P_WT,P,WT,P04076,ARG4,blue
P_WT,P,WT,P04147,PAB1,turquoise
P_WT,P,WT,P04173,LEU2,blue
P_WT,P,WT,P04449,RPL24A,turquoise
P_WT,P,WT,P04456,RPL25,turquoise
P_WT,P,WT,P04710,AAC1,blue
P_WT,P,WT,P04801,THS1,turquoise
P_WT,P,WT,P04802,DPS1,turquoise
P_WT,P,WT,P04806,HXK1,blue
P_WT,P,WT,P04807,HXK2,turquoise
P_WT,P,WT,P04840,POR1,blue
P_WT,P,WT,P05030,PMA1,turquoise
P_WT,P,WT,P05317,RPP0,turquoise
P_WT,P,WT,P05373,HEM2,turquoise
P_WT,P,WT,P05453,SUP35,turquoise
P_WT,P,WT,P05626,ATP4,blue
P_WT,P,WT,P05694,MET6,blue
P_WT,P,WT,P05737,RPL7A,turquoise
P_WT,P,WT,P05739,RPL6B,turquoise
P_WT,P,WT,P05740,RPL17A,turquoise
P_WT,P,WT,P05744,RPL33A,turquoise
P_WT,P,WT,P05748,RPL15A,turquoise
P_WT,P,WT,P05750,RPS3,turquoise
P_WT,P,WT,P05755,RPS9B,turquoise
P_WT,P,WT,P05756,RPS13,turquoise
P_WT,P,WT,P05759;P0CG63,RPS31,turquoise
P_WT,P,WT,P06101,CDC37,turquoise
P_WT,P,WT,P06102,NOT3,turquoise
P_WT,P,WT,P06103,PRT1,turquoise
P_WT,P,WT,P06105,SCP160,turquoise
P_WT,P,WT,P06106,MET17,blue
P_WT,P,WT,P06168,ILV5,blue
P_WT,P,WT,P06169;Q07471,PDC1,blue
P_WT,P,WT,P06208,LEU4,blue
P_WT,P,WT,P06367,RPS14A,turquoise
P_WT,P,WT,P06634,DED1,turquoise
P_WT,P,WT,P06738,GPH1,blue
P_WT,P,WT,P06780,RHO1,blue
P_WT,P,WT,P06785,CDC21,turquoise
P_WT,P,WT,P07143,CYT1,blue
P_WT,P,WT,P07149,FAS1,turquoise
P_WT,P,WT,P07170,ADK1,turquoise
P_WT,P,WT,P07172,HIS5,blue
P_WT,P,WT,P07213,TOM70,turquoise
P_WT,P,WT,P07244,"ADE5,7",blue
P_WT,P,WT,P07245,ADE3,brown
P_WT,P,WT,P07246,ADH3,blue
P_WT,P,WT,P07251,ATP1,blue
P_WT,P,WT,P07256,COR1,blue
P_WT,P,WT,P07257,QCR2,blue
P_WT,P,WT,P07259,URA2,blue
P_WT,P,WT,P07260,CDC33,turquoise
P_WT,P,WT,P07262,GDH1,brown
P_WT,P,WT,P07263,HTS1,turquoise
P_WT,P,WT,P07264,LEU1,blue
P_WT,P,WT,P07267,PEP4,blue
P_WT,P,WT,P07275,PUT2,blue
P_WT,P,WT,P07277,ERG12,turquoise
P_WT,P,WT,P07278,BCY1,turquoise
P_WT,P,WT,P07281;P07280,RPS19B,turquoise
P_WT,P,WT,P07283,SEC53,turquoise
P_WT,P,WT,P07284,SES1,turquoise
P_WT,P,WT,P07342,ILV2,blue
P_WT,P,WT,P07560,SEC4,turquoise
P_WT,P,WT,P07703,RPC40,turquoise
P_WT,P,WT,P07806,VAS1,turquoise
P_WT,P,WT,P07991,CAR2,blue
P_WT,P,WT,P08417,FUM1,turquoise
P_WT,P,WT,P08518,RPB2,turquoise
P_WT,P,WT,P08524,ERG20,turquoise
P_WT,P,WT,P08566,ARO1,turquoise
P_WT,P,WT,P09032,GCD1,turquoise
P_WT,P,WT,P09064,SUI3,turquoise
P_WT,P,WT,P09232,PRB1,blue
P_WT,P,WT,P09436,ILS1,turquoise
P_WT,P,WT,P09440,MIS1,turquoise
P_WT,P,WT,P09457,ATP5,blue
P_WT,P,WT,P09624,LPD1,blue
P_WT,P,WT,P09938,RNR2,blue
P_WT,P,WT,P0C2H7;P0C2H6,RPL27B,turquoise
P_WT,P,WT,P0C2H8,RPL31A,turquoise
P_WT,P,WT,P0CX24;P0CX23,RPL20B,turquoise
P_WT,P,WT,P0CX26;P0CX25,RPL43B,turquoise
P_WT,P,WT,P0CX30;P0CX29,RPS23B,turquoise
P_WT,P,WT,P0CX32;P0CX31,RPS24B,turquoise
P_WT,P,WT,P0CX34;P0CX33,RPS30B,turquoise
P_WT,P,WT,P0CX36;P0CX35,RPS4B,turquoise
P_WT,P,WT,P0CX38;P0CX37,RPS6B,turquoise
P_WT,P,WT,P0CX40;P0CX39,RPS8B,turquoise
P_WT,P,WT,P0CX42;P0CX41,RPL23B,turquoise
P_WT,P,WT,P0CX44;P0CX43,RPL1B,turquoise
P_WT,P,WT,P0CX46;P0CX45,RPL2B,turquoise
P_WT,P,WT,P0CX48;P0CX47,RPS11B,turquoise
P_WT,P,WT,P0CX50;P0CX49,RPL18B,turquoise
P_WT,P,WT,P0CX52;P0CX51,RPS16B,turquoise
P_WT,P,WT,P0CX54;P0CX53,RPL12B,turquoise
P_WT,P,WT,P0CX56;P0CX55,RPS18B,turquoise
P_WT,P,WT,P0CX83;P0CX82,RPL19B,turquoise
P_WT,P,WT,P0CX85;P0CX84,RPL35B,turquoise
P_WT,P,WT,P10081,TIF1,turquoise
P_WT,P,WT,P10591,SSA1,blue
P_WT,P,WT,P10592,SSA2,turquoise
P_WT,P,WT,P10659,SAM1,blue
P_WT,P,WT,P10664,RPL4A,turquoise
P_WT,P,WT,P10869,HOM3,blue
P_WT,P,WT,P10964,RPA190,turquoise
P_WT,P,WT,P11076,ARF1,turquoise
P_WT,P,WT,P11154,PYC1,blue
P_WT,P,WT,P11353,HEM13,turquoise
P_WT,P,WT,P11412,ZWF1,blue
P_WT,P,WT,P11484,SSB1,turquoise
P_WT,P,WT,P11633,NHP6B,blue
P_WT,P,WT,P11745,RNA1,turquoise
P_WT,P,WT,P11938,RAP1,turquoise
P_WT,P,WT,P12385,SUP45,turquoise
P_WT,P,WT,P12612,TCP1,turquoise
P_WT,P,WT,P12688,YPK1,turquoise
P_WT,P,WT,P12695,LAT1,turquoise
P_WT,P,WT,P12709,PGI1,blue
P_WT,P,WT,P12945,NAT1,turquoise
P_WT,P,WT,P13188,GLN4,turquoise
P_WT,P,WT,P13298,URA5,turquoise
P_WT,P,WT,P13517,CAP2,turquoise
P_WT,P,WT,P13663,HOM2,brown
P_WT,P,WT,P14120,RPL30,turquoise
P_WT,P,WT,P14126,RPL3,turquoise
P_WT,P,WT,P14127;P02407,RPS17B,turquoise
P_WT,P,WT,P14164,ABF1,brown
P_WT,P,WT,P14540,FBA1,blue
P_WT,P,WT,P14742,GFA1,turquoise
P_WT,P,WT,P14743,NMT1,turquoise
P_WT,P,WT,P14832,CPR1,turquoise
P_WT,P,WT,P14843,ARO3,turquoise
P_WT,P,WT,P14904,APE1,blue
P_WT,P,WT,P14907,NSP1,turquoise
P_WT,P,WT,P15019,TAL1,blue
P_WT,P,WT,P15108,HSC82,turquoise
P_WT,P,WT,P15180,KRS1,turquoise
P_WT,P,WT,P15274,AMD1,unassigned
P_WT,P,WT,P15303,SEC23,turquoise
P_WT,P,WT,P15454,GUK1,turquoise
P_WT,P,WT,P15496,IDI1,turquoise
P_WT,P,WT,P15565,TRM1,turquoise
P_WT,P,WT,P15624,FRS1,turquoise
P_WT,P,WT,P15625,FRS2,turquoise
P_WT,P,WT,P15646,NOP1,turquoise
P_WT,P,WT,P15700,URA6,turquoise
P_WT,P,WT,P15705,STI1,turquoise
P_WT,P,WT,P15873,POL30,turquoise
P_WT,P,WT,P15891,ABP1,brown
P_WT,P,WT,P16140,VMA2,turquoise
P_WT,P,WT,P16387,PDA1,brown
P_WT,P,WT,P16474,KAR2,turquoise
P_WT,P,WT,P16521,YEF3,turquoise
P_WT,P,WT,P16547,OM45,blue
P_WT,P,WT,P16550,APA1,turquoise
P_WT,P,WT,P16603,NCP1,turquoise
P_WT,P,WT,P16622,HEM15,turquoise
P_WT,P,WT,P16649,TUP1,turquoise
P_WT,P,WT,P16861,PFK1,blue
P_WT,P,WT,P16862,PFK2,blue
P_WT,P,WT,P17106,CBF1,blue
P_WT,P,WT,P17255,VMA1,turquoise
P_WT,P,WT,P17423,THR1,turquoise
P_WT,P,WT,P17505,MDH1,blue
P_WT,P,WT,P17536,TPM1,turquoise
P_WT,P,WT,P17649,UGA1,blue
P_WT,P,WT,P17695,GRX2,blue
P_WT,P,WT,P17709,GLK1,blue
P_WT,P,WT,P17967,PDI1,turquoise
P_WT,P,WT,P18239;P18238,PET9,blue
P_WT,P,WT,P18562,FUR1,turquoise
P_WT,P,WT,P18759,SEC18,turquoise
P_WT,P,WT,P18899,DDR48,blue
P_WT,P,WT,P19073,CDC42,turquoise
P_WT,P,WT,P19097,FAS2,turquoise
P_WT,P,WT,P19262,KGD2,blue
P_WT,P,WT,P19358,SAM2,turquoise
P_WT,P,WT,P19881,PHO13,turquoise
P_WT,P,WT,P19882,HSP60,turquoise
P_WT,P,WT,P19955,YMR31,blue
P_WT,P,WT,P20081,FPR1,turquoise
P_WT,P,WT,P20447,DBP3,turquoise
P_WT,P,WT,P20459,SUI2,turquoise
P_WT,P,WT,P20484,MAK11,turquoise
P_WT,P,WT,P20485,CKI1,turquoise
P_WT,P,WT,P20604,SIT4,turquoise
P_WT,P,WT,P20606,SAR1,turquoise
P_WT,P,WT,P20967,KGD1,blue
P_WT,P,WT,P21264,ADE2,blue
P_WT,P,WT,P21304,PWP1,turquoise
P_WT,P,WT,P21576,VPS1,turquoise
P_WT,P,WT,P21734,UBC1,turquoise
P_WT,P,WT,P21801,SDH2,blue
P_WT,P,WT,P21954,IDP1,brown
P_WT,P,WT,P21965,MCK1,blue
P_WT,P,WT,P22138,RPA135,turquoise
P_WT,P,WT,P22146,GAS1,turquoise
P_WT,P,WT,P22147,XRN1,turquoise
P_WT,P,WT,P22203,VMA4,turquoise
P_WT,P,WT,P22217,TRX1,turquoise
P_WT,P,WT,P22336,RFA1,turquoise
P_WT,P,WT,P22515,UBA1,turquoise
P_WT,P,WT,P22768,ARG1,turquoise
P_WT,P,WT,P22855,AMS1,blue
P_WT,P,WT,P23180,AIM17,blue
P_WT,P,WT,P23248,RPS1B,turquoise
P_WT,P,WT,P23254,TKL1,turquoise
P_WT,P,WT,P23292,YCK2,turquoise
P_WT,P,WT,P23301,HYP2,turquoise
P_WT,P,WT,P23542,AAT2,turquoise
P_WT,P,WT,P23641,MIR1,blue
P_WT,P,WT,P23776,EXG1,blue
P_WT,P,WT,P24276,SSD1,brown
P_WT,P,WT,P24280,SEC14,turquoise
P_WT,P,WT,P24521,ERG8,turquoise
P_WT,P,WT,P24783,DBP2,turquoise
P_WT,P,WT,P25045,LCB1,turquoise
P_WT,P,WT,P25087,ERG6,turquoise
P_WT,P,WT,P25293,NAP1,turquoise
P_WT,P,WT,P25294,SIS1,turquoise
P_WT,P,WT,P25343,RVS161,turquoise
P_WT,P,WT,P25349,YCP4,blue
P_WT,P,WT,P25373,GRX1,blue
P_WT,P,WT,P25375,PRD1,turquoise
P_WT,P,WT,P25443,RPS2,turquoise
P_WT,P,WT,P25491,YDJ1,turquoise
P_WT,P,WT,P25586,KRR1,turquoise
P_WT,P,WT,P25605,ILV6,turquoise
P_WT,P,WT,P25623,SYP1,blue
P_WT,P,WT,P25632,RSC6,turquoise
P_WT,P,WT,P25635,PWP2,turquoise
P_WT,P,WT,P25655,CDC39,turquoise
P_WT,P,WT,P25694,CDC48,turquoise
P_WT,P,WT,P25719,CPR3,turquoise
P_WT,P,WT,P26321,RPL5,turquoise
P_WT,P,WT,P26637,CDC60,turquoise
P_WT,P,WT,P26783,RPS5,turquoise
P_WT,P,WT,P26785,RPL16B,turquoise
P_WT,P,WT,P26786,RPS7A,turquoise
P_WT,P,WT,P27472,GSY2,blue
P_WT,P,WT,P27476,NSR1,turquoise
P_WT,P,WT,P27614,CPS1,brown
P_WT,P,WT,P27616,ADE1,blue
P_WT,P,WT,P27692,SPT5,turquoise
P_WT,P,WT,P27809,KRE2,turquoise
P_WT,P,WT,P27810,KTR1,turquoise
P_WT,P,WT,P28007,GAR1,blue
P_WT,P,WT,P28274,URA7,turquoise
P_WT,P,WT,P28495,CAP1,blue
P_WT,P,WT,P28777,ARO2,turquoise
P_WT,P,WT,P28789,HEM3,turquoise
P_WT,P,WT,P29311,BMH1,blue
P_WT,P,WT,P29453,RPL8B,turquoise
P_WT,P,WT,P29478,SEC65,turquoise
P_WT,P,WT,P29509,TRR1,turquoise
P_WT,P,WT,P29704,ERG9,turquoise
P_WT,P,WT,P29952,PMI40,turquoise
P_WT,P,WT,P30624,FAA1,turquoise
P_WT,P,WT,P30902,ATP7,blue
P_WT,P,WT,P31116,HOM6,blue
P_WT,P,WT,P31373,CYS3,blue
P_WT,P,WT,P31382,PMT2,turquoise
P_WT,P,WT,P31412,VMA5,turquoise
P_WT,P,WT,P31539,HSP104,blue
P_WT,P,WT,P31688,TPS2,blue
P_WT,P,WT,P31787,ACB1,turquoise
P_WT,P,WT,P32178,ARO7,turquoise
P_WT,P,WT,P32179,MET22,blue
P_WT,P,WT,P32191,GUT2,blue
P_WT,P,WT,P32263,PRO3,turquoise
P_WT,P,WT,P32264,PRO1,turquoise
P_WT,P,WT,P32288,GLN1,brown
P_WT,P,WT,P32316,ACH1,blue
P_WT,P,WT,P32324,EFT1,turquoise
P_WT,P,WT,P32327,PYC2,blue
P_WT,P,WT,P32340,NDI1,blue
P_WT,P,WT,P32352,ERG2,turquoise
P_WT,P,WT,P32356,NTH1,blue
P_WT,P,WT,P32366,VMA6,turquoise
P_WT,P,WT,P32377,MVD1,turquoise
P_WT,P,WT,P32419,MDH3,turquoise
P_WT,P,WT,P32445,RIM1,brown
P_WT,P,WT,P32454,APE2,blue
P_WT,P,WT,P32458,CDC11,turquoise
P_WT,P,WT,P32469,DPH5,turquoise
P_WT,P,WT,P32471,EFB1,turquoise
P_WT,P,WT,P32473,PDB1,brown
P_WT,P,WT,P32476,ERG1,blue
P_WT,P,WT,P32477,GSH1,blue
P_WT,P,WT,P32481,GCD11,turquoise
P_WT,P,WT,P32485;P41808,HOG1,turquoise
P_WT,P,WT,P32496,RPN12,turquoise
P_WT,P,WT,P32497,NIP1,turquoise
P_WT,P,WT,P32499,NUP2,turquoise
P_WT,P,WT,P32505,NAB2,turquoise
P_WT,P,WT,P32521,PAN1,turquoise
P_WT,P,WT,P32527,ZUO1,turquoise
P_WT,P,WT,P32582,CYS4,turquoise
P_WT,P,WT,P32588,PUB1,turquoise
P_WT,P,WT,P32589,SSE1,turquoise
P_WT,P,WT,P32598,GLC7,brown
P_WT,P,WT,P32602,SEC17,turquoise
P_WT,P,WT,P32614,FRD1,brown
P_WT,P,WT,P32628,RAD23,turquoise
P_WT,P,WT,P32775,GLC3,blue
P_WT,P,WT,P32787,MGM101,blue
P_WT,P,WT,P32790,SLA1,turquoise
P_WT,P,WT,P32803,EMP24,turquoise
P_WT,P,WT,P32836,GSP2,turquoise
P_WT,P,WT,P32843,YME2,blue
P_WT,P,WT,P32861,UGP1,blue
P_WT,P,WT,P32891,DLD1,blue
P_WT,P,WT,P32895,PRS1,turquoise
P_WT,P,WT,P32939,YPT7,blue
P_WT,P,WT,P33201,MRT4,turquoise
P_WT,P,WT,P33297,RPT5,turquoise
P_WT,P,WT,P33298,RPT3,turquoise
P_WT,P,WT,P33299,RPT1,turquoise
P_WT,P,WT,P33322,CBF5,turquoise
P_WT,P,WT,P33327,GDH2,blue
P_WT,P,WT,P33330,SER1,blue
P_WT,P,WT,P33331,NTF2,turquoise
P_WT,P,WT,P33399,LHP1,turquoise
P_WT,P,WT,P33401,PGM1,turquoise
P_WT,P,WT,P33416,HSP78,blue
P_WT,P,WT,P33442,RPS1A,turquoise
P_WT,P,WT,P33734,HIS7,blue
P_WT,P,WT,P33775,PMT1,turquoise
P_WT,P,WT,P33892,GCN1,turquoise
P_WT,P,WT,P34167,TIF3,turquoise
P_WT,P,WT,P34216,EDE1,turquoise
P_WT,P,WT,P34223,SHP1,turquoise
P_WT,P,WT,P34227,PRX1,blue
P_WT,P,WT,P34730,BMH2,blue
P_WT,P,WT,P35176,CPR5,turquoise
P_WT,P,WT,P35180,TOM20,turquoise
P_WT,P,WT,P35189,TAF14,turquoise
P_WT,P,WT,P35197,GCS1,turquoise
P_WT,P,WT,P35691,TMA19,turquoise
P_WT,P,WT,P35719,MRP8,blue
P_WT,P,WT,P35844,KES1,turquoise
P_WT,P,WT,P36008,TEF4,turquoise
P_WT,P,WT,P36010,YNK1,blue
P_WT,P,WT,P36013,MAE1,blue
P_WT,P,WT,P36015,YKT6,turquoise
P_WT,P,WT,P36017,VPS21,turquoise
P_WT,P,WT,P36018,YPT52,turquoise
P_WT,P,WT,P36037,DOA1,turquoise
P_WT,P,WT,P36060,MCR1,blue
P_WT,P,WT,P36105,RPL14A,turquoise
P_WT,P,WT,P36112,MIC60,blue
P_WT,P,WT,P36136,SHB17,turquoise
P_WT,P,WT,P36421,TYS1,turquoise
P_WT,P,WT,P36775,PIM1,turquoise
P_WT,P,WT,P37012,PGM2,blue
P_WT,P,WT,P37291,SHM2,blue
P_WT,P,WT,P37292,SHM1,turquoise
P_WT,P,WT,P37302,APE3,blue
P_WT,P,WT,P37898,AAP1,turquoise
P_WT,P,WT,P38009,ADE17,blue
P_WT,P,WT,P38011,ASC1,turquoise
P_WT,P,WT,P38013,AHP1,turquoise
P_WT,P,WT,P38061,RPL32,turquoise
P_WT,P,WT,P38069,MNN2,turquoise
P_WT,P,WT,P38071,ETR1,blue
P_WT,P,WT,P38075,PDX3,brown
P_WT,P,WT,P38077,ATP3,blue
P_WT,P,WT,P38088,GRS1,turquoise
P_WT,P,WT,P38115,ARA1,blue
P_WT,P,WT,P38137,PCS60,turquoise
P_WT,P,WT,P38144,ISW1,turquoise
P_WT,P,WT,P38174,MAP2,turquoise
P_WT,P,WT,P38205,NCL1,turquoise
P_WT,P,WT,P38219,OLA1,turquoise
P_WT,P,WT,P38248,ECM33,brown
P_WT,P,WT,P38249,RPG1,turquoise
P_WT,P,WT,P38264,PHO88,turquoise
P_WT,P,WT,P38295,EHT1,turquoise
P_WT,P,WT,P38426,TPS3,blue
P_WT,P,WT,P38427,TSL1,blue
P_WT,P,WT,P38431,TIF5,turquoise
P_WT,P,WT,P38523,MGE1,turquoise
P_WT,P,WT,P38623,RCK2,turquoise
P_WT,P,WT,P38624,PRE3,blue
P_WT,P,WT,P38625,GUA1,turquoise
P_WT,P,WT,P38626,CBR1,turquoise
P_WT,P,WT,P38628,PCM1,turquoise
P_WT,P,WT,P38631,FKS1,turquoise
P_WT,P,WT,P38682,GLO3,turquoise
P_WT,P,WT,P38688,SRP72,turquoise
P_WT,P,WT,P38689,PRS3,turquoise
P_WT,P,WT,P38694,MSC7,turquoise
P_WT,P,WT,P38701,RPS20,turquoise
P_WT,P,WT,P38707,DED81,turquoise
P_WT,P,WT,P38708,YHR020W,turquoise
P_WT,P,WT,P38711;P35997,RPS27B,turquoise
P_WT,P,WT,P38715,GRE3,blue
P_WT,P,WT,P38720,GND1,blue
P_WT,P,WT,P38759,VPS29,turquoise
P_WT,P,WT,P38764,RPN1,turquoise
P_WT,P,WT,P38765,YHI9,blue
P_WT,P,WT,P38787,PAN5,turquoise
P_WT,P,WT,P38788,SSZ1,turquoise
P_WT,P,WT,P38791,DYS1,turquoise
P_WT,P,WT,P38792,RRP4,turquoise
P_WT,P,WT,P38804,RTC3,blue
P_WT,P,WT,P38817,GGA2,turquoise
P_WT,P,WT,P38845,CRP1,turquoise
P_WT,P,WT,P38858,SOL3,blue
P_WT,P,WT,P38861,NMD3,turquoise
P_WT,P,WT,P38879,EGD2,turquoise
P_WT,P,WT,P38882,UTP9,turquoise
P_WT,P,WT,P38886,RPN10,turquoise
P_WT,P,WT,P38891,BAT1,blue
P_WT,P,WT,P38903,RTS1,turquoise
P_WT,P,WT,P38911,FPR3,blue
P_WT,P,WT,P38912,TIF11,turquoise
P_WT,P,WT,P38934,BFR1,turquoise
P_WT,P,WT,P38968,SEC31,turquoise
P_WT,P,WT,P38972,ADE6,blue
P_WT,P,WT,P38986,ASP1,turquoise
P_WT,P,WT,P38996,NAB3,unassigned
P_WT,P,WT,P38998,LYS1,brown
P_WT,P,WT,P38999,LYS9,unassigned
P_WT,P,WT,P39015,STM1,turquoise
P_WT,P,WT,P39076,CCT2,turquoise
P_WT,P,WT,P39077,CCT3,turquoise
P_WT,P,WT,P39078,CCT4,turquoise
P_WT,P,WT,P39079,CCT6,turquoise
P_WT,P,WT,P39111,VMA7,turquoise
P_WT,P,WT,P39517,DHH1,turquoise
P_WT,P,WT,P39522,ILV3,blue
P_WT,P,WT,P39676,YHB1,turquoise
P_WT,P,WT,P39683,NPT1,turquoise
P_WT,P,WT,P39692,MET10,blue
P_WT,P,WT,P39714,BDH1,brown
P_WT,P,WT,P39730,FUN12,turquoise
P_WT,P,WT,P39743,RVS167,turquoise
P_WT,P,WT,P39929,SNF7,turquoise
P_WT,P,WT,P39935,TIF4631,turquoise
P_WT,P,WT,P39940,RSP5,turquoise
P_WT,P,WT,P39954,SAH1,turquoise
P_WT,P,WT,P39958,GDI1,turquoise
P_WT,P,WT,P39966,PTC2,turquoise
P_WT,P,WT,P39976,DLD3,turquoise
P_WT,P,WT,P39986,SPF1,turquoise
P_WT,P,WT,P39990,SNU13,turquoise
P_WT,P,WT,P40010,NUG1,turquoise
P_WT,P,WT,P40024,ARB1,turquoise
P_WT,P,WT,P40029,MXR1,blue
P_WT,P,WT,P40032,TPA1,turquoise
P_WT,P,WT,P40037,HMF1,blue
P_WT,P,WT,P40043,RGI1,blue
P_WT,P,WT,P40047,ALD5,blue
P_WT,P,WT,P40053,AIM9,blue
P_WT,P,WT,P40069,KAP123,turquoise
P_WT,P,WT,P40087,DDI1,turquoise
P_WT,P,WT,P40093,YER156C,turquoise
P_WT,P,WT,P40106,GPP2,blue
P_WT,P,WT,P40150,SSB2,turquoise
P_WT,P,WT,P40185,MMF1,turquoise
P_WT,P,WT,P40202,CCS1,turquoise
P_WT,P,WT,P40212,RPL13B,turquoise
P_WT,P,WT,P40217,TIF34,turquoise
P_WT,P,WT,P40312,CYB5,turquoise
P_WT,P,WT,P40327,RPT2,turquoise
P_WT,P,WT,P40413,CCT5,turquoise
P_WT,P,WT,P40462,TMA108,turquoise
P_WT,P,WT,P40471,AYR1,turquoise
P_WT,P,WT,P40477,NUP159,turquoise
P_WT,P,WT,P40482,SEC24,turquoise
P_WT,P,WT,P40495,LYS12,blue
P_WT,P,WT,P40506,CAB2,turquoise
P_WT,P,WT,P40509,SEC28,turquoise
P_WT,P,WT,P40510,SER33,blue
P_WT,P,WT,P40531,GVP36,brown
P_WT,P,WT,P40580,IRC24,blue
P_WT,P,WT,P40582,GTT1,blue
P_WT,P,WT,P40825,ALA1,turquoise
P_WT,P,WT,P40893,REE1,brown
P_WT,P,WT,P40989;Q04952,GSC2,turquoise
P_WT,P,WT,P40991,NOP2,turquoise
P_WT,P,WT,P41057,RPS29A,turquoise
P_WT,P,WT,P41277,GPP1,blue
P_WT,P,WT,P41338,ERG10,turquoise
P_WT,P,WT,P41543,OST1,turquoise
P_WT,P,WT,P41805,RPL10,turquoise
P_WT,P,WT,P41811,SEC27,turquoise
P_WT,P,WT,P41895,TFG1,turquoise
P_WT,P,WT,P41911,GPD2,brown
P_WT,P,WT,P41920,YRB1,turquoise
P_WT,P,WT,P41921,GLR1,turquoise
P_WT,P,WT,P41940,PSA1,turquoise
P_WT,P,WT,P42846,KRI1,turquoise
P_WT,P,WT,P42940,CIR1,brown
P_WT,P,WT,P42943,CCT7,turquoise
P_WT,P,WT,P43123,QRI1,turquoise
P_WT,P,WT,P43535,GCN20,turquoise
P_WT,P,WT,P43555,EMP47,turquoise
P_WT,P,WT,P43585,VTC2,blue
P_WT,P,WT,P43588,RPN11,turquoise
P_WT,P,WT,P43590,YFR006W,blue
P_WT,P,WT,P43593,UBP6,brown
P_WT,P,WT,P43609,RSC8,turquoise
P_WT,P,WT,P43621,RET2,turquoise
P_WT,P,WT,P45978,SCD6,turquoise
P_WT,P,WT,P46367,ALD4,blue
P_WT,P,WT,P46654;P32905,RPS0B,turquoise
P_WT,P,WT,P46655,GUS1,turquoise
P_WT,P,WT,P46672,ARC1,turquoise
P_WT,P,WT,P46680,AIP1,blue
P_WT,P,WT,P46681,DLD2,brown
P_WT,P,WT,P47018,MTC1,turquoise
P_WT,P,WT,P47039,BNA3,blue
P_WT,P,WT,P47075,VTC4,blue
P_WT,P,WT,P47079,CCT8,turquoise
P_WT,P,WT,P47096,BNA1,blue
P_WT,P,WT,P47119,HAM1,turquoise
P_WT,P,WT,P47120,LIA1,turquoise
P_WT,P,WT,P47143,ADO1,turquoise
P_WT,P,WT,P47160,ENT3,turquoise
P_WT,P,WT,P47176,BAT2,brown
P_WT,P,WT,P47912,FAA4,turquoise
P_WT,P,WT,P48015,GCV1,blue
P_WT,P,WT,P48164,RPS7B,turquoise
P_WT,P,WT,P48362,HGH1,turquoise
P_WT,P,WT,P48589,RPS12,turquoise
P_WT,P,WT,P48836,VMA10,turquoise
P_WT,P,WT,P49089,ASN1,turquoise
P_WT,P,WT,P49090,ASN2,turquoise
P_WT,P,WT,P49095,GCV2,blue
P_WT,P,WT,P49167,RPL38,turquoise
P_WT,P,WT,P49367,LYS4,unassigned
P_WT,P,WT,P49435,APT1,turquoise
P_WT,P,WT,P49723,RNR4,blue
P_WT,P,WT,P50095,IMD3,turquoise
P_WT,P,WT,P50107,GLO1,turquoise
P_WT,P,WT,P50861,RIB4,blue
P_WT,P,WT,P51401,RPL9B,turquoise
P_WT,P,WT,P52489,PYK2,blue
P_WT,P,WT,P52553,YKE2,turquoise
P_WT,P,WT,P52893,ALT1,blue
P_WT,P,WT,P52910,ACS2,turquoise
P_WT,P,WT,P53008,CWH41,turquoise
P_WT,P,WT,P53073,EMC4,turquoise
P_WT,P,WT,P53081,NIF3,brown
P_WT,P,WT,P53090,ARO8,turquoise
P_WT,P,WT,P53128,MET13,brown
P_WT,P,WT,P53131,PRP43,turquoise
P_WT,P,WT,P53141,MLC1,turquoise
P_WT,P,WT,P53155,YGL082W,turquoise
P_WT,P,WT,P53184,PNC1,blue
P_WT,P,WT,P53199,ERG26,turquoise
P_WT,P,WT,P53221,RPL26B,turquoise
P_WT,P,WT,P53235,YGR054W,turquoise
P_WT,P,WT,P53252,PIL1,blue
P_WT,P,WT,P53254,UTP22,turquoise
P_WT,P,WT,P53261,NOP7,turquoise
P_WT,P,WT,P53278,YGR130C,blue
P_WT,P,WT,P53295,RBG2,turquoise
P_WT,P,WT,P53299,TIM13,brown
P_WT,P,WT,P53303,ZPR1,turquoise
P_WT,P,WT,P53312,LSC2,blue
P_WT,P,WT,P53550,DCP2,brown
P_WT,P,WT,P53598,LSC1,blue
P_WT,P,WT,P53633,YIP3,turquoise
P_WT,P,WT,P53691,CPR6,turquoise
P_WT,P,WT,P53834,HCH1,turquoise
P_WT,P,WT,P53839,GOR1,blue
P_WT,P,WT,P53849,GIS2,turquoise
P_WT,P,WT,P53860;P38907,PDR16,unassigned
P_WT,P,WT,P53879,RHO5,blue
P_WT,P,WT,P53889,FMP41,blue
P_WT,P,WT,P53897,IGO1,unassigned
P_WT,P,WT,P53900,GIM3,turquoise
P_WT,P,WT,P53920,NMA111,turquoise
P_WT,P,WT,P54115,ALD6,turquoise
P_WT,P,WT,P54783,ALO1,turquoise
P_WT,P,WT,P54838,DAK1,turquoise
P_WT,P,WT,P54839,ERG13,turquoise
P_WT,P,WT,P54861,DNM1,turquoise
P_WT,P,WT,P54885,PRO2,turquoise
P_WT,P,WT,P80210,ADE12,blue
P_WT,P,WT,P87262;P40525,RPL34A,turquoise
P_WT,P,WT,P89886,TMA20,turquoise
P_WT,P,WT,Q00055,GPD1,blue
P_WT,P,WT,Q00245,RHO3,blue
P_WT,P,WT,Q00402,NUM1,turquoise
P_WT,P,WT,Q00711,SDH1,blue
P_WT,P,WT,Q00764,TPS1,blue
P_WT,P,WT,Q00955,ACC1,turquoise
P_WT,P,WT,Q01080,RPA49,turquoise
P_WT,P,WT,Q01477,UBP3,turquoise
P_WT,P,WT,Q01519,COX12,blue
P_WT,P,WT,Q01532,LAP3,blue
P_WT,P,WT,Q01560,NPL3,turquoise
P_WT,P,WT,Q01662,MAP1,turquoise
P_WT,P,WT,Q01852,TIM44,turquoise
P_WT,P,WT,Q01855,RPS15,turquoise
P_WT,P,WT,Q01939,RPT6,turquoise
P_WT,P,WT,Q02326,RPL6A,turquoise
P_WT,P,WT,Q02486,ABF2,blue
P_WT,P,WT,Q02725,VTC3,blue
P_WT,P,WT,Q02753,RPL21A,turquoise
P_WT,P,WT,Q02776,TIM50,turquoise
P_WT,P,WT,Q02784,GRX5,turquoise
P_WT,P,WT,Q02821,SRP1,turquoise
P_WT,P,WT,Q03104,MSC1,blue
P_WT,P,WT,Q03195,RLI1,turquoise
P_WT,P,WT,Q03690,CLU1,turquoise
P_WT,P,WT,Q04067,TIF35,turquoise
P_WT,P,WT,Q04175,SXM1,turquoise
P_WT,P,WT,Q04178,HPT1,blue
P_WT,P,WT,Q04225,RRB1,turquoise
P_WT,P,WT,Q04432,HSP31,blue
P_WT,P,WT,Q04458,HFD1,blue
P_WT,P,WT,Q04491,SEC13,turquoise
P_WT,P,WT,Q04636,POB3,unassigned
P_WT,P,WT,Q04660,ERB1,turquoise
P_WT,P,WT,Q04894,ADH6,turquoise
P_WT,P,WT,Q04947,RTN1,turquoise
P_WT,P,WT,Q05022,RRP5,turquoise
P_WT,P,WT,Q05050,EIS1,blue
P_WT,P,WT,Q05359,ERP1,turquoise
P_WT,P,WT,Q05515,SVF1,turquoise
P_WT,P,WT,Q05584,GLO2,turquoise
P_WT,P,WT,Q05775,HCR1,turquoise
P_WT,P,WT,Q05905,HRI1,turquoise
P_WT,P,WT,Q05911,ADE13,blue
P_WT,P,WT,Q06151,DCS1,blue
P_WT,P,WT,Q06440,CRN1,turquoise
P_WT,P,WT,Q06449,PIN3,turquoise
P_WT,P,WT,Q06489,MRI1,turquoise
P_WT,P,WT,Q06505,SPN1,turquoise
P_WT,P,WT,Q06523,YPR148C,turquoise
P_WT,P,WT,Q06625,GDB1,blue
P_WT,P,WT,Q06631,BFR2,turquoise
P_WT,P,WT,Q06685,VIP1,brown
P_WT,P,WT,Q06705,CSR1,turquoise
P_WT,P,WT,Q06706,IKI3,turquoise
P_WT,P,WT,Q07505,YDL086W,turquoise
P_WT,P,WT,Q07825,FRA1,blue
P_WT,P,WT,Q07979,RSC58,turquoise
P_WT,P,WT,Q08193,GAS5,brown
P_WT,P,WT,Q08220,GSH2,turquoise
P_WT,P,WT,Q08245,ZEO1,turquoise
P_WT,P,WT,Q08421,ETT1,turquoise
P_WT,P,WT,Q08647,PUS7,turquoise
P_WT,P,WT,Q08723,RPN8,turquoise
P_WT,P,WT,Q08745;P46784,RPS10A,turquoise
P_WT,P,WT,Q08822,CIR2,turquoise
P_WT,P,WT,Q08972,NEW1,turquoise
P_WT,P,WT,Q08985;Q04898,SAM4,turquoise
P_WT,P,WT,Q12009,TRM8,turquoise
P_WT,P,WT,Q12019,MDN1,unassigned
P_WT,P,WT,Q12029,FSF1,blue
P_WT,P,WT,Q12032,AIM41,blue
P_WT,P,WT,Q12044,RCN2,turquoise
P_WT,P,WT,Q12068,GRE2,blue
P_WT,P,WT,Q12074,SPE3,turquoise
P_WT,P,WT,Q12109,WRS1,turquoise
P_WT,P,WT,Q12114,CHS5,blue
P_WT,P,WT,Q12117,MRH1,turquoise
P_WT,P,WT,Q12122,LYS21,brown
P_WT,P,WT,Q12154,GET3,turquoise
P_WT,P,WT,Q12159,YRA1,turquoise
P_WT,P,WT,Q12178,FCY1,turquoise
P_WT,P,WT,Q12230,LSP1,blue
P_WT,P,WT,Q12265,PRS5,turquoise
P_WT,P,WT,Q12305,RDL1,brown
P_WT,P,WT,Q12314,SFM1,turquoise
P_WT,P,WT,Q12335,PST2,blue
P_WT,P,WT,Q12363,WTM1,blue
P_WT,P,WT,Q12447,PAA1,turquoise
P_WT,P,WT,Q12449,AHA1,turquoise
P_WT,P,WT,Q12452,ERG27,turquoise
P_WT,P,WT,Q12458,YPR1,blue
P_WT,P,WT,Q12460,NOP56,turquoise
P_WT,P,WT,Q12464,RVB2,turquoise
P_WT,P,WT,Q12480,AIM45,brown
P_WT,P,WT,Q12499,NOP58,turquoise
P_WT,P,WT,Q12513,TMA17,blue
P_WT,P,WT,Q12680,GLT1,blue
P_WT,P,WT,Q12754,RRP12,turquoise
P_WT,P,WT,Q3E754,RPS21B,turquoise
P_WT,P,WT,Q3E757;P0C0W9,RPL11B,turquoise
P_WT,P,WT,Q3E764,TMA7,turquoise
P_WT,P,WT,Q3E792;P0C0T4,RPS25A,turquoise
P_WT,P,WT,Q3E7X9,RPS28A,turquoise
P_WT,P,WT,Q3E7Y3;P0C0W1,RPS22B,turquoise
P_WT,P,WT,Q3E841,YNR034W-A,blue
P_WT,P,WT,Q86ZR7,YKL033W-A,turquoise
P_WT,P,WT,Q99257,MEX67,turquoise
P_WT,P,WT,Q99383,HRP1,turquoise
P_rim15,P,rim15,O14455,RPL36B,turquoise
P_rim15,P,rim15,O14467,MBF1,turquoise
P_rim15,P,rim15,O43137,YBR085C-A,brown
P_rim15,P,rim15,O74700,TIM9,turquoise
P_rim15,P,rim15,P00128,QCR7,blue
P_rim15,P,rim15,P00330,ADH1,blue
P_rim15,P,rim15,P00358,TDH2,blue
P_rim15,P,rim15,P00359,TDH3,blue
P_rim15,P,rim15,P00360,TDH1,blue
P_rim15,P,rim15,P00427,COX6,blue
P_rim15,P,rim15,P00431,CCP1,blue
P_rim15,P,rim15,P00445,SOD1,turquoise
P_rim15,P,rim15,P00447,SOD2,blue
P_rim15,P,rim15,P00498,HIS1,blue
P_rim15,P,rim15,P00549,CDC19,blue
P_rim15,P,rim15,P00560,PGK1,blue
P_rim15,P,rim15,P00729,PRC1,blue
P_rim15,P,rim15,P00812,CAR1,blue
P_rim15,P,rim15,P00815,HIS4,blue
P_rim15,P,rim15,P00817,IPP1,blue
P_rim15,P,rim15,P00830,ATP2,blue
P_rim15,P,rim15,P00890,CIT1,blue
P_rim15,P,rim15,P00899,TRP2,brown
P_rim15,P,rim15,P00924,ENO1,blue
P_rim15,P,rim15,P00925,ENO2,brown
P_rim15,P,rim15,P00942,TPI1,turquoise
P_rim15,P,rim15,P00950,GPM1,blue
P_rim15,P,rim15,P00958,MES1,turquoise
P_rim15,P,rim15,P01120,RAS2,blue
P_rim15,P,rim15,P01123,YPT1,brown
P_rim15,P,rim15,P02294;P02293,HTB2,turquoise
P_rim15,P,rim15,P02309,HHF1,blue
P_rim15,P,rim15,P02400,RPP2B,turquoise
P_rim15,P,rim15,P02406,RPL28,turquoise
P_rim15,P,rim15,P02829,HSP82,brown
P_rim15,P,rim15,P02992,TUF1,brown
P_rim15,P,rim15,P02994,TEF1,turquoise
P_rim15,P,rim15,P04037,COX4,blue
P_rim15,P,rim15,P04046,ADE4,blue
P_rim15,P,rim15,P04050,RPO21,turquoise
P_rim15,P,rim15,P04076,ARG4,blue
P_rim15,P,rim15,P04147,PAB1,turquoise
P_rim15,P,rim15,P04173,LEU2,blue
P_rim15,P,rim15,P04449,RPL24A,turquoise
P_rim15,P,rim15,P04456,RPL25,turquoise
P_rim15,P,rim15,P04710,AAC1,blue
P_rim15,P,rim15,P04801,THS1,turquoise
P_rim15,P,rim15,P04802,DPS1,turquoise
P_rim15,P,rim15,P04806,HXK1,blue
P_rim15,P,rim15,P04807,HXK2,turquoise
P_rim15,P,rim15,P04840,POR1,blue
P_rim15,P,rim15,P05030,PMA1,blue
P_rim15,P,rim15,P05317,RPP0,turquoise
P_rim15,P,rim15,P05373,HEM2,turquoise
P_rim15,P,rim15,P05453,SUP35,turquoise
P_rim15,P,rim15,P05626,ATP4,blue
P_rim15,P,rim15,P05694,MET6,blue
P_rim15,P,rim15,P05737,RPL7A,turquoise
P_rim15,P,rim15,P05739,RPL6B,turquoise
P_rim15,P,rim15,P05740,RPL17A,turquoise
P_rim15,P,rim15,P05744,RPL33A,turquoise
P_rim15,P,rim15,P05748,RPL15A,turquoise
P_rim15,P,rim15,P05750,RPS3,turquoise
P_rim15,P,rim15,P05755,RPS9B,turquoise
P_rim15,P,rim15,P05756,RPS13,turquoise
P_rim15,P,rim15,P05759;P0CG63,RPS31,turquoise
P_rim15,P,rim15,P06101,CDC37,turquoise
P_rim15,P,rim15,P06103,PRT1,turquoise
P_rim15,P,rim15,P06105,SCP160,turquoise
P_rim15,P,rim15,P06106,MET17,blue
P_rim15,P,rim15,P06168,ILV5,blue
P_rim15,P,rim15,P06169;Q07471,PDC1,blue
P_rim15,P,rim15,P06208,LEU4,blue
P_rim15,P,rim15,P06367,RPS14A,turquoise
P_rim15,P,rim15,P06634,DED1,turquoise
P_rim15,P,rim15,P06738,GPH1,blue
P_rim15,P,rim15,P06780,RHO1,blue
P_rim15,P,rim15,P06785,CDC21,brown
P_rim15,P,rim15,P06787,CMD1,turquoise
P_rim15,P,rim15,P07143,CYT1,blue
P_rim15,P,rim15,P07149,FAS1,turquoise
P_rim15,P,rim15,P07170,ADK1,brown
P_rim15,P,rim15,P07172,HIS5,blue
P_rim15,P,rim15,P07213,TOM70,turquoise
P_rim15,P,rim15,P07244,"ADE5,7",blue
P_rim15,P,rim15,P07245,ADE3,blue
P_rim15,P,rim15,P07246,ADH3,blue
P_rim15,P,rim15,P07251,ATP1,blue
P_rim15,P,rim15,P07256,COR1,blue
P_rim15,P,rim15,P07257,QCR2,blue
P_rim15,P,rim15,P07259,URA2,blue
P_rim15,P,rim15,P07260,CDC33,turquoise
P_rim15,P,rim15,P07262,GDH1,blue
P_rim15,P,rim15,P07263,HTS1,brown
P_rim15,P,rim15,P07264,LEU1,blue
P_rim15,P,rim15,P07267,PEP4,blue
P_rim15,P,rim15,P07273,DST1,turquoise
P_rim15,P,rim15,P07274,PFY1,turquoise
P_rim15,P,rim15,P07275,PUT2,blue
P_rim15,P,rim15,P07277,ERG12,turquoise
P_rim15,P,rim15,P07281;P07280,RPS19B,turquoise
P_rim15,P,rim15,P07283,SEC53,turquoise
P_rim15,P,rim15,P07284,SES1,turquoise
P_rim15,P,rim15,P07342,ILV2,blue
P_rim15,P,rim15,P07560,SEC4,brown
P_rim15,P,rim15,P07702,LYS2,blue
P_rim15,P,rim15,P07703,RPC40,turquoise
P_rim15,P,rim15,P07806,VAS1,turquoise
P_rim15,P,rim15,P07991,CAR2,blue
P_rim15,P,rim15,P08417,FUM1,blue
P_rim15,P,rim15,P08518,RPB2,turquoise
P_rim15,P,rim15,P08524,ERG20,turquoise
P_rim15,P,rim15,P08566,ARO1,blue
P_rim15,P,rim15,P09032,GCD1,turquoise
P_rim15,P,rim15,P09064,SUI3,turquoise
P_rim15,P,rim15,P09232,PRB1,blue
P_rim15,P,rim15,P09436,ILS1,turquoise
P_rim15,P,rim15,P09440,MIS1,turquoise
P_rim15,P,rim15,P09457,ATP5,blue
P_rim15,P,rim15,P09624,LPD1,blue
P_rim15,P,rim15,P09938,RNR2,blue
P_rim15,P,rim15,P0C2H7;P0C2H6,RPL27B,turquoise
P_rim15,P,rim15,P0C2H8,RPL31A,turquoise
P_rim15,P,rim15,P0CX24;P0CX23,RPL20B,turquoise
P_rim15,P,rim15,P0CX26;P0CX25,RPL43B,turquoise
P_rim15,P,rim15,P0CX30;P0CX29,RPS23B,turquoise
P_rim15,P,rim15,P0CX32;P0CX31,RPS24B,turquoise
P_rim15,P,rim15,P0CX34;P0CX33,RPS30B,turquoise
P_rim15,P,rim15,P0CX36;P0CX35,RPS4B,turquoise
P_rim15,P,rim15,P0CX38;P0CX37,RPS6B,turquoise
P_rim15,P,rim15,P0CX40;P0CX39,RPS8B,turquoise
P_rim15,P,rim15,P0CX42;P0CX41,RPL23B,turquoise
P_rim15,P,rim15,P0CX44;P0CX43,RPL1B,turquoise
P_rim15,P,rim15,P0CX46;P0CX45,RPL2B,turquoise
P_rim15,P,rim15,P0CX48;P0CX47,RPS11B,turquoise
P_rim15,P,rim15,P0CX50;P0CX49,RPL18B,turquoise
P_rim15,P,rim15,P0CX52;P0CX51,RPS16B,turquoise
P_rim15,P,rim15,P0CX54;P0CX53,RPL12B,turquoise
P_rim15,P,rim15,P0CX56;P0CX55,RPS18B,turquoise
P_rim15,P,rim15,P0CX83;P0CX82,RPL19B,turquoise
P_rim15,P,rim15,P0CX85;P0CX84,RPL35B,turquoise
P_rim15,P,rim15,P10080,SBP1,turquoise
P_rim15,P,rim15,P10081,TIF1,turquoise
P_rim15,P,rim15,P10591,SSA1,blue
P_rim15,P,rim15,P10592,SSA2,turquoise
P_rim15,P,rim15,P10659,SAM1,blue
P_rim15,P,rim15,P10664,RPL4A,turquoise
P_rim15,P,rim15,P10869,HOM3,blue
P_rim15,P,rim15,P10964,RPA190,turquoise
P_rim15,P,rim15,P11075,SEC7,turquoise
P_rim15,P,rim15,P11076,ARF1,brown
P_rim15,P,rim15,P11154,PYC1,blue
P_rim15,P,rim15,P11353,HEM13,turquoise
P_rim15,P,rim15,P11412,ZWF1,blue
P_rim15,P,rim15,P11484,SSB1,turquoise
P_rim15,P,rim15,P11633,NHP6B,blue
P_rim15,P,rim15,P11745,RNA1,turquoise
P_rim15,P,rim15,P11938,RAP1,turquoise
P_rim15,P,rim15,P12385,SUP45,turquoise
P_rim15,P,rim15,P12612,TCP1,turquoise
P_rim15,P,rim15,P12688,YPK1,turquoise
P_rim15,P,rim15,P12695,LAT1,turquoise
P_rim15,P,rim15,P12709,PGI1,blue
P_rim15,P,rim15,P12945,NAT1,turquoise
P_rim15,P,rim15,P13188,GLN4,turquoise
P_rim15,P,rim15,P13298,URA5,turquoise
P_rim15,P,rim15,P13586,PMR1,turquoise
P_rim15,P,rim15,P13663,HOM2,blue
P_rim15,P,rim15,P14120,RPL30,turquoise
P_rim15,P,rim15,P14126,RPL3,turquoise
P_rim15,P,rim15,P14127;P02407,RPS17B,turquoise
P_rim15,P,rim15,P14540,FBA1,blue
P_rim15,P,rim15,P14742,GFA1,turquoise
P_rim15,P,rim15,P14743,NMT1,turquoise
P_rim15,P,rim15,P14832,CPR1,turquoise
P_rim15,P,rim15,P14843,ARO3,blue
P_rim15,P,rim15,P14904,APE1,blue
P_rim15,P,rim15,P14906,SEC63,brown
P_rim15,P,rim15,P14907,NSP1,turquoise
P_rim15,P,rim15,P15019,TAL1,blue
P_rim15,P,rim15,P15108,HSC82,turquoise
P_rim15,P,rim15,P15180,KRS1,turquoise
P_rim15,P,rim15,P15303,SEC23,turquoise
P_rim15,P,rim15,P15454,GUK1,turquoise
P_rim15,P,rim15,P15496,IDI1,turquoise
P_rim15,P,rim15,P15565,TRM1,turquoise
P_rim15,P,rim15,P15624,FRS1,turquoise
P_rim15,P,rim15,P15625,FRS2,turquoise
P_rim15,P,rim15,P15646,NOP1,turquoise
P_rim15,P,rim15,P15700,URA6,brown
P_rim15,P,rim15,P15705,STI1,turquoise
P_rim15,P,rim15,P15873,POL30,turquoise
P_rim15,P,rim15,P15891,ABP1,blue
P_rim15,P,rim15,P16120,THR4,turquoise
P_rim15,P,rim15,P16140,VMA2,turquoise
P_rim15,P,rim15,P16387,PDA1,blue
P_rim15,P,rim15,P16474,KAR2,turquoise
P_rim15,P,rim15,P16521,YEF3,turquoise
P_rim15,P,rim15,P16547,OM45,blue
P_rim15,P,rim15,P16550,APA1,turquoise
P_rim15,P,rim15,P16603,NCP1,turquoise
P_rim15,P,rim15,P16622,HEM15,turquoise
P_rim15,P,rim15,P16649,TUP1,turquoise
P_rim15,P,rim15,P16861,PFK1,blue
P_rim15,P,rim15,P16862,PFK2,blue
P_rim15,P,rim15,P17106,CBF1,blue
P_rim15,P,rim15,P17423,THR1,turquoise
P_rim15,P,rim15,P17505,MDH1,blue
P_rim15,P,rim15,P17536,TPM1,turquoise
P_rim15,P,rim15,P17649,UGA1,blue
P_rim15,P,rim15,P17695,GRX2,blue
P_rim15,P,rim15,P17709,GLK1,blue
P_rim15,P,rim15,P17967,PDI1,turquoise
P_rim15,P,rim15,P18239;P18238,PET9,blue
P_rim15,P,rim15,P18562,FUR1,turquoise
P_rim15,P,rim15,P18759,SEC18,turquoise
P_rim15,P,rim15,P18899,DDR48,blue
P_rim15,P,rim15,P19073,CDC42,brown
P_rim15,P,rim15,P19097,FAS2,turquoise
P_rim15,P,rim15,P19262,KGD2,blue
P_rim15,P,rim15,P19358,SAM2,brown
P_rim15,P,rim15,P19524,MYO2,turquoise
P_rim15,P,rim15,P19955,YMR31,blue
P_rim15,P,rim15,P20081,FPR1,blue
P_rim15,P,rim15,P20447,DBP3,turquoise
P_rim15,P,rim15,P20449,DBP5,turquoise
P_rim15,P,rim15,P20459,SUI2,turquoise
P_rim15,P,rim15,P20484,MAK11,turquoise
P_rim15,P,rim15,P20485,CKI1,turquoise
P_rim15,P,rim15,P20604,SIT4,turquoise
P_rim15,P,rim15,P20606,SAR1,turquoise
P_rim15,P,rim15,P20967,KGD1,blue
P_rim15,P,rim15,P21243,SCL1,brown
P_rim15,P,rim15,P21264,ADE2,blue
P_rim15,P,rim15,P21304,PWP1,turquoise
P_rim15,P,rim15,P21576,VPS1,turquoise
P_rim15,P,rim15,P21734,UBC1,turquoise
P_rim15,P,rim15,P21801,SDH2,blue
P_rim15,P,rim15,P21954,IDP1,blue
P_rim15,P,rim15,P21965,MCK1,brown
P_rim15,P,rim15,P22138,RPA135,turquoise
P_rim15,P,rim15,P22141,PRE1,brown
P_rim15,P,rim15,P22146,GAS1,brown
P_rim15,P,rim15,P22147,XRN1,turquoise
P_rim15,P,rim15,P22203,VMA4,turquoise
P_rim15,P,rim15,P22217,TRX1,turquoise
P_rim15,P,rim15,P22336,RFA1,brown
P_rim15,P,rim15,P22515,UBA1,brown
P_rim15,P,rim15,P22768,ARG1,turquoise
P_rim15,P,rim15,P22855,AMS1,blue
P_rim15,P,rim15,P23180,AIM17,blue
P_rim15,P,rim15,P23248,RPS1B,turquoise
P_rim15,P,rim15,P23254,TKL1,brown
P_rim15,P,rim15,P23292,YCK2,unassigned
P_rim15,P,rim15,P23301,HYP2,turquoise
P_rim15,P,rim15,P23542,AAT2,brown
P_rim15,P,rim15,P23639,PRE8,turquoise
P_rim15,P,rim15,P23641,MIR1,blue
P_rim15,P,rim15,P23644,TOM40,blue
P_rim15,P,rim15,P23724,PRE7,turquoise
P_rim15,P,rim15,P23776,EXG1,blue
P_rim15,P,rim15,P24276,SSD1,turquoise
P_rim15,P,rim15,P24280,SEC14,turquoise
P_rim15,P,rim15,P24521,ERG8,turquoise
P_rim15,P,rim15,P24783,DBP2,turquoise
P_rim15,P,rim15,P25045,LCB1,turquoise
P_rim15,P,rim15,P25087,ERG6,turquoise
P_rim15,P,rim15,P25294,SIS1,blue
P_rim15,P,rim15,P25343,RVS161,brown
P_rim15,P,rim15,P25349,YCP4,blue
P_rim15,P,rim15,P25373,GRX1,blue
P_rim15,P,rim15,P25375,PRD1,turquoise
P_rim15,P,rim15,P25443,RPS2,turquoise
P_rim15,P,rim15,P25491,YDJ1,turquoise
P_rim15,P,rim15,P25574,EMC1,brown
P_rim15,P,rim15,P25586,KRR1,turquoise
P_rim15,P,rim15,P25632,RSC6,turquoise
P_rim15,P,rim15,P25635,PWP2,turquoise
P_rim15,P,rim15,P25655,CDC39,turquoise
P_rim15,P,rim15,P25694,CDC48,brown
P_rim15,P,rim15,P25719,CPR3,turquoise
P_rim15,P,rim15,P26321,RPL5,turquoise
P_rim15,P,rim15,P26637,CDC60,turquoise
P_rim15,P,rim15,P26783,RPS5,turquoise
P_rim15,P,rim15,P26785,RPL16B,turquoise
P_rim15,P,rim15,P26786,RPS7A,turquoise
P_rim15,P,rim15,P27472,GSY2,blue
P_rim15,P,rim15,P27476,NSR1,turquoise
P_rim15,P,rim15,P27614,CPS1,brown
P_rim15,P,rim15,P27616,ADE1,blue
P_rim15,P,rim15,P27692,SPT5,turquoise
P_rim15,P,rim15,P27809,KRE2,turquoise
P_rim15,P,rim15,P27810,KTR1,turquoise
P_rim15,P,rim15,P28007,GAR1,blue
P_rim15,P,rim15,P28241,IDH2,blue
P_rim15,P,rim15,P28274,URA7,turquoise
P_rim15,P,rim15,P28495,CAP1,turquoise
P_rim15,P,rim15,P28777,ARO2,turquoise
P_rim15,P,rim15,P28789,HEM3,turquoise
P_rim15,P,rim15,P28834,IDH1,blue
P_rim15,P,rim15,P29311,BMH1,blue
P_rim15,P,rim15,P29453,RPL8B,turquoise
P_rim15,P,rim15,P29478,SEC65,turquoise
P_rim15,P,rim15,P29704,ERG9,turquoise
P_rim15,P,rim15,P29952,PMI40,brown
P_rim15,P,rim15,P30624,FAA1,brown
P_rim15,P,rim15,P30771,NAM7,turquoise
P_rim15,P,rim15,P30822,CRM1,turquoise
P_rim15,P,rim15,P30902,ATP7,blue
P_rim15,P,rim15,P31116,HOM6,blue
P_rim15,P,rim15,P31373,CYS3,blue
P_rim15,P,rim15,P31382,PMT2,brown
P_rim15,P,rim15,P31412,VMA5,brown
P_rim15,P,rim15,P31539,HSP104,blue
P_rim15,P,rim15,P31688,TPS2,blue
P_rim15,P,rim15,P31787,ACB1,turquoise
P_rim15,P,rim15,P32074,SEC21,turquoise
P_rim15,P,rim15,P32178,ARO7,turquoise
P_rim15,P,rim15,P32179,MET22,blue
P_rim15,P,rim15,P32191,GUT2,blue
P_rim15,P,rim15,P32263,PRO3,brown
P_rim15,P,rim15,P32264,PRO1,turquoise
P_rim15,P,rim15,P32288,GLN1,blue
P_rim15,P,rim15,P32316,ACH1,blue
P_rim15,P,rim15,P32324,EFT1,turquoise
P_rim15,P,rim15,P32327,PYC2,blue
P_rim15,P,rim15,P32337,PSE1,turquoise
P_rim15,P,rim15,P32340,NDI1,blue
P_rim15,P,rim15,P32352,ERG2,turquoise
P_rim15,P,rim15,P32356,NTH1,blue
P_rim15,P,rim15,P32368,SAC1,brown
P_rim15,P,rim15,P32377,MVD1,turquoise
P_rim15,P,rim15,P32381,ARP2,blue
P_rim15,P,rim15,P32386,YBT1,unassigned
P_rim15,P,rim15,P32419,MDH3,brown
P_rim15,P,rim15,P32445,RIM1,blue
P_rim15,P,rim15,P32449,ARO4,blue
P_rim15,P,rim15,P32454,APE2,blue
P_rim15,P,rim15,P32469,DPH5,turquoise
P_rim15,P,rim15,P32471,EFB1,turquoise
P_rim15,P,rim15,P32473,PDB1,blue
P_rim15,P,rim15,P32476,ERG1,turquoise
P_rim15,P,rim15,P32477,GSH1,blue
P_rim15,P,rim15,P32481,GCD11,turquoise
P_rim15,P,rim15,P32485;P41808,HOG1,brown
P_rim15,P,rim15,P32496,RPN12,turquoise
P_rim15,P,rim15,P32497,NIP1,turquoise
P_rim15,P,rim15,P32499,NUP2,turquoise
P_rim15,P,rim15,P32505,NAB2,turquoise
P_rim15,P,rim15,P32521,PAN1,turquoise
P_rim15,P,rim15,P32527,ZUO1,turquoise
P_rim15,P,rim15,P32565,RPN2,turquoise
P_rim15,P,rim15,P32582,CYS4,turquoise
P_rim15,P,rim15,P32588,PUB1,turquoise
P_rim15,P,rim15,P32589,SSE1,turquoise
P_rim15,P,rim15,P32597,STH1,turquoise
P_rim15,P,rim15,P32598,GLC7,brown
P_rim15,P,rim15,P32599,SAC6,brown
P_rim15,P,rim15,P32602,SEC17,brown
P_rim15,P,rim15,P32610,VMA8,brown
P_rim15,P,rim15,P32614,FRD1,blue
P_rim15,P,rim15,P32628,RAD23,turquoise
P_rim15,P,rim15,P32771,SFA1,unassigned
P_rim15,P,rim15,P32775,GLC3,blue
P_rim15,P,rim15,P32787,MGM101,blue
P_rim15,P,rim15,P32790,SLA1,turquoise
P_rim15,P,rim15,P32803,EMP24,brown
P_rim15,P,rim15,P32836,GSP2,turquoise
P_rim15,P,rim15,P32843,YME2,blue
P_rim15,P,rim15,P32861,UGP1,blue
P_rim15,P,rim15,P32891,DLD1,blue
P_rim15,P,rim15,P32895,PRS1,turquoise
P_rim15,P,rim15,P32939,YPT7,blue
P_rim15,P,rim15,P33201,MRT4,turquoise
P_rim15,P,rim15,P33204,ARC19,blue
P_rim15,P,rim15,P33297,RPT5,turquoise
P_rim15,P,rim15,P33298,RPT3,turquoise
P_rim15,P,rim15,P33299,RPT1,turquoise
P_rim15,P,rim15,P33322,CBF5,turquoise
P_rim15,P,rim15,P33327,GDH2,blue
P_rim15,P,rim15,P33330,SER1,blue
P_rim15,P,rim15,P33331,NTF2,turquoise
P_rim15,P,rim15,P33338,SLA2,brown
P_rim15,P,rim15,P33399,LHP1,turquoise
P_rim15,P,rim15,P33401,PGM1,turquoise
P_rim15,P,rim15,P33416,HSP78,blue
P_rim15,P,rim15,P33442,RPS1A,turquoise
P_rim15,P,rim15,P33734,HIS7,blue
P_rim15,P,rim15,P33775,PMT1,turquoise
P_rim15,P,rim15,P33892,GCN1,turquoise
P_rim15,P,rim15,P34167,TIF3,turquoise
P_rim15,P,rim15,P34216,EDE1,turquoise
P_rim15,P,rim15,P34223,SHP1,turquoise
P_rim15,P,rim15,P34227,PRX1,blue
P_rim15,P,rim15,P34237,COY1,turquoise
P_rim15,P,rim15,P34730,BMH2,blue
P_rim15,P,rim15,P35176,CPR5,turquoise
P_rim15,P,rim15,P35180,TOM20,turquoise
P_rim15,P,rim15,P35189,TAF14,turquoise
P_rim15,P,rim15,P35197,GCS1,turquoise
P_rim15,P,rim15,P35691,TMA19,blue
P_rim15,P,rim15,P35719,MRP8,blue
P_rim15,P,rim15,P35844,KES1,turquoise
P_rim15,P,rim15,P36008,TEF4,turquoise
P_rim15,P,rim15,P36010,YNK1,blue
P_rim15,P,rim15,P36013,MAE1,blue
P_rim15,P,rim15,P36015,YKT6,brown
P_rim15,P,rim15,P36017,VPS21,brown
P_rim15,P,rim15,P36018,YPT52,brown
P_rim15,P,rim15,P36037,DOA1,turquoise
P_rim15,P,rim15,P36060,MCR1,blue
P_rim15,P,rim15,P36105,RPL14A,turquoise
P_rim15,P,rim15,P36112,MIC60,blue
P_rim15,P,rim15,P36114,YKR018C,brown
P_rim15,P,rim15,P36136,SHB17,turquoise
P_rim15,P,rim15,P36148,GPT2,blue
P_rim15,P,rim15,P36154,AIM29,blue
P_rim15,P,rim15,P36421,TYS1,turquoise
P_rim15,P,rim15,P36775,PIM1,blue
P_rim15,P,rim15,P37012,PGM2,blue
P_rim15,P,rim15,P37291,SHM2,blue
P_rim15,P,rim15,P37292,SHM1,turquoise
P_rim15,P,rim15,P37302,APE3,blue
P_rim15,P,rim15,P37898,AAP1,turquoise
P_rim15,P,rim15,P38009,ADE17,blue
P_rim15,P,rim15,P38011,ASC1,turquoise
P_rim15,P,rim15,P38061,RPL32,turquoise
P_rim15,P,rim15,P38069,MNN2,turquoise
P_rim15,P,rim15,P38071,ETR1,blue
P_rim15,P,rim15,P38075,PDX3,brown
P_rim15,P,rim15,P38077,ATP3,blue
P_rim15,P,rim15,P38088,GRS1,turquoise
P_rim15,P,rim15,P38115,ARA1,blue
P_rim15,P,rim15,P38130,KTR3,turquoise
P_rim15,P,rim15,P38137,PCS60,unassigned
P_rim15,P,rim15,P38144,ISW1,turquoise
P_rim15,P,rim15,P38174,MAP2,turquoise
P_rim15,P,rim15,P38205,NCL1,turquoise
P_rim15,P,rim15,P38219,OLA1,turquoise
P_rim15,P,rim15,P38248,ECM33,blue
P_rim15,P,rim15,P38249,RPG1,turquoise
P_rim15,P,rim15,P38264,PHO88,turquoise
P_rim15,P,rim15,P38295,EHT1,brown
P_rim15,P,rim15,P38426,TPS3,blue
P_rim15,P,rim15,P38427,TSL1,blue
P_rim15,P,rim15,P38431,TIF5,turquoise
P_rim15,P,rim15,P38616,YGP1,turquoise
P_rim15,P,rim15,P38623,RCK2,brown
P_rim15,P,rim15,P38624,PRE3,blue
P_rim15,P,rim15,P38625,GUA1,turquoise
P_rim15,P,rim15,P38626,CBR1,brown
P_rim15,P,rim15,P38628,PCM1,turquoise
P_rim15,P,rim15,P38629,RFC3,turquoise
P_rim15,P,rim15,P38631,FKS1,turquoise
P_rim15,P,rim15,P38682,GLO3,turquoise
P_rim15,P,rim15,P38687,SRP68,turquoise
P_rim15,P,rim15,P38688,SRP72,turquoise
P_rim15,P,rim15,P38689,PRS3,turquoise
P_rim15,P,rim15,P38694,MSC7,turquoise
P_rim15,P,rim15,P38701,RPS20,turquoise
P_rim15,P,rim15,P38707,DED81,turquoise
P_rim15,P,rim15,P38708,YHR020W,turquoise
P_rim15,P,rim15,P38711;P35997,RPS27B,turquoise
P_rim15,P,rim15,P38715,GRE3,blue
P_rim15,P,rim15,P38720,GND1,blue
P_rim15,P,rim15,P38759,VPS29,turquoise
P_rim15,P,rim15,P38764,RPN1,turquoise
P_rim15,P,rim15,P38765,YHI9,blue
P_rim15,P,rim15,P38787,PAN5,blue
P_rim15,P,rim15,P38788,SSZ1,turquoise
P_rim15,P,rim15,P38791,DYS1,turquoise
P_rim15,P,rim15,P38804,RTC3,blue
P_rim15,P,rim15,P38817,GGA2,turquoise
P_rim15,P,rim15,P38858,SOL3,blue
P_rim15,P,rim15,P38861,NMD3,turquoise
P_rim15,P,rim15,P38879,EGD2,turquoise
P_rim15,P,rim15,P38882,UTP9,turquoise
P_rim15,P,rim15,P38886,RPN10,turquoise
P_rim15,P,rim15,P38891,BAT1,blue
P_rim15,P,rim15,P38903,RTS1,turquoise
P_rim15,P,rim15,P38911,FPR3,blue
P_rim15,P,rim15,P38912,TIF11,turquoise
P_rim15,P,rim15,P38934,BFR1,turquoise
P_rim15,P,rim15,P38968,SEC31,turquoise
P_rim15,P,rim15,P38972,ADE6,blue
P_rim15,P,rim15,P38986,ASP1,turquoise
P_rim15,P,rim15,P38998,LYS1,blue
P_rim15,P,rim15,P39015,STM1,turquoise
P_rim15,P,rim15,P39076,CCT2,turquoise
P_rim15,P,rim15,P39077,CCT3,turquoise
P_rim15,P,rim15,P39078,CCT4,turquoise
P_rim15,P,rim15,P39079,CCT6,turquoise
P_rim15,P,rim15,P39111,VMA7,turquoise
P_rim15,P,rim15,P39517,DHH1,turquoise
P_rim15,P,rim15,P39522,ILV3,blue
P_rim15,P,rim15,P39676,YHB1,turquoise
P_rim15,P,rim15,P39683,NPT1,turquoise
P_rim15,P,rim15,P39692,MET10,turquoise
P_rim15,P,rim15,P39714,BDH1,blue
P_rim15,P,rim15,P39730,FUN12,turquoise
P_rim15,P,rim15,P39743,RVS167,turquoise
P_rim15,P,rim15,P39744,NOC2,turquoise
P_rim15,P,rim15,P39929,SNF7,turquoise
P_rim15,P,rim15,P39935,TIF4631,turquoise
P_rim15,P,rim15,P39940,RSP5,turquoise
P_rim15,P,rim15,P39954,SAH1,turquoise
P_rim15,P,rim15,P39958,GDI1,brown
P_rim15,P,rim15,P39976,DLD3,brown
P_rim15,P,rim15,P39986,SPF1,brown
P_rim15,P,rim15,P39990,SNU13,blue
P_rim15,P,rim15,P40010,NUG1,turquoise
P_rim15,P,rim15,P40016,RPN3,turquoise
P_rim15,P,rim15,P40024,ARB1,turquoise
P_rim15,P,rim15,P40029,MXR1,blue
P_rim15,P,rim15,P40037,HMF1,blue
P_rim15,P,rim15,P40047,ALD5,blue
P_rim15,P,rim15,P40069,KAP123,turquoise
P_rim15,P,rim15,P40075,SCS2,brown
P_rim15,P,rim15,P40087,DDI1,brown
P_rim15,P,rim15,P40093,YER156C,turquoise
P_rim15,P,rim15,P40106,GPP2,blue
P_rim15,P,rim15,P40150,SSB2,turquoise
P_rim15,P,rim15,P40185,MMF1,blue
P_rim15,P,rim15,P40202,CCS1,turquoise
P_rim15,P,rim15,P40212,RPL13B,turquoise
P_rim15,P,rim15,P40215,NDE1,blue
P_rim15,P,rim15,P40217,TIF34,turquoise
P_rim15,P,rim15,P40312,CYB5,turquoise
P_rim15,P,rim15,P40327,RPT2,turquoise
P_rim15,P,rim15,P40413,CCT5,turquoise
P_rim15,P,rim15,P40414,TPM2,turquoise
P_rim15,P,rim15,P40462,TMA108,turquoise
P_rim15,P,rim15,P40471,AYR1,turquoise
P_rim15,P,rim15,P40482,SEC24,turquoise
P_rim15,P,rim15,P40495,LYS12,turquoise
P_rim15,P,rim15,P40506,CAB2,brown
P_rim15,P,rim15,P40509,SEC28,turquoise
P_rim15,P,rim15,P40510,SER33,blue
P_rim15,P,rim15,P40531,GVP36,blue
P_rim15,P,rim15,P40580,IRC24,blue
P_rim15,P,rim15,P40582,GTT1,blue
P_rim15,P,rim15,P40825,ALA1,turquoise
P_rim15,P,rim15,P40893,REE1,blue
P_rim15,P,rim15,P40970,LCB2,brown
P_rim15,P,rim15,P40989;Q04952,GSC2,turquoise
P_rim15,P,rim15,P40991,NOP2,blue
P_rim15,P,rim15,P41057,RPS29A,turquoise
P_rim15,P,rim15,P41277,GPP1,blue
P_rim15,P,rim15,P41338,ERG10,turquoise
P_rim15,P,rim15,P41805,RPL10,turquoise
P_rim15,P,rim15,P41807,VMA13,turquoise
P_rim15,P,rim15,P41810,SEC26,brown
P_rim15,P,rim15,P41811,SEC27,turquoise
P_rim15,P,rim15,P41895,TFG1,turquoise
P_rim15,P,rim15,P41911,GPD2,blue
P_rim15,P,rim15,P41920,YRB1,turquoise
P_rim15,P,rim15,P41921,GLR1,turquoise
P_rim15,P,rim15,P41940,PSA1,brown
P_rim15,P,rim15,P42846,KRI1,turquoise
P_rim15,P,rim15,P42940,CIR1,blue
P_rim15,P,rim15,P42943,CCT7,turquoise
P_rim15,P,rim15,P43535,GCN20,turquoise
P_rim15,P,rim15,P43555,EMP47,turquoise
P_rim15,P,rim15,P43585,VTC2,blue
P_rim15,P,rim15,P43588,RPN11,turquoise
P_rim15,P,rim15,P43590,YFR006W,turquoise
P_rim15,P,rim15,P43593,UBP6,brown
P_rim15,P,rim15,P43603,LSB3,turquoise
P_rim15,P,rim15,P43609,RSC8,turquoise
P_rim15,P,rim15,P43621,RET2,turquoise
P_rim15,P,rim15,P45978,SCD6,turquoise
P_rim15,P,rim15,P46367,ALD4,blue
P_rim15,P,rim15,P46654;P32905,RPS0B,turquoise
P_rim15,P,rim15,P46655,GUS1,turquoise
P_rim15,P,rim15,P46672,ARC1,turquoise
P_rim15,P,rim15,P46681,DLD2,unassigned
P_rim15,P,rim15,P46683,YAR1,turquoise
P_rim15,P,rim15,P47018,MTC1,turquoise
P_rim15,P,rim15,P47035,NET1,blue
P_rim15,P,rim15,P47039,BNA3,blue
P_rim15,P,rim15,P47068,BBC1,turquoise
P_rim15,P,rim15,P47075,VTC4,blue
P_rim15,P,rim15,P47079,CCT8,turquoise
P_rim15,P,rim15,P47119,HAM1,turquoise
P_rim15,P,rim15,P47120,LIA1,turquoise
P_rim15,P,rim15,P47143,ADO1,turquoise
P_rim15,P,rim15,P47154,STE24,turquoise
P_rim15,P,rim15,P47160,ENT3,turquoise
P_rim15,P,rim15,P47176,BAT2,blue
P_rim15,P,rim15,P47912,FAA4,turquoise
P_rim15,P,rim15,P48015,GCV1,blue
P_rim15,P,rim15,P48164,RPS7B,turquoise
P_rim15,P,rim15,P48362,HGH1,turquoise
P_rim15,P,rim15,P48589,RPS12,turquoise
P_rim15,P,rim15,P48606,RBL2,turquoise
P_rim15,P,rim15,P49089,ASN1,brown
P_rim15,P,rim15,P49090,ASN2,turquoise
P_rim15,P,rim15,P49095,GCV2,blue
P_rim15,P,rim15,P49167,RPL38,turquoise
P_rim15,P,rim15,P49435,APT1,turquoise
P_rim15,P,rim15,P49723,RNR4,blue
P_rim15,P,rim15,P50095,IMD3,turquoise
P_rim15,P,rim15,P50101,UBP15,blue
P_rim15,P,rim15,P50107,GLO1,turquoise
P_rim15,P,rim15,P51401,RPL9B,turquoise
P_rim15,P,rim15,P52489,PYK2,blue
P_rim15,P,rim15,P52553,YKE2,turquoise
P_rim15,P,rim15,P52893,ALT1,blue
P_rim15,P,rim15,P52910,ACS2,brown
P_rim15,P,rim15,P53073,EMC4,turquoise
P_rim15,P,rim15,P53090,ARO8,turquoise
P_rim15,P,rim15,P53128,MET13,blue
P_rim15,P,rim15,P53131,PRP43,turquoise
P_rim15,P,rim15,P53141,MLC1,turquoise
P_rim15,P,rim15,P53155,YGL082W,blue
P_rim15,P,rim15,P53184,PNC1,blue
P_rim15,P,rim15,P53199,ERG26,turquoise
P_rim15,P,rim15,P53221,RPL26B,turquoise
P_rim15,P,rim15,P53235,YGR054W,turquoise
P_rim15,P,rim15,P53252,PIL1,blue
P_rim15,P,rim15,P53254,UTP22,turquoise
P_rim15,P,rim15,P53261,NOP7,turquoise
P_rim15,P,rim15,P53278,YGR130C,blue
P_rim15,P,rim15,P53295,RBG2,turquoise
P_rim15,P,rim15,P53299,TIM13,turquoise
P_rim15,P,rim15,P53303,ZPR1,turquoise
P_rim15,P,rim15,P53312,LSC2,blue
P_rim15,P,rim15,P53334,SCW4,blue
P_rim15,P,rim15,P53549,RPT4,turquoise
P_rim15,P,rim15,P53550,DCP2,brown
P_rim15,P,rim15,P53598,LSC1,blue
P_rim15,P,rim15,P53622,COP1,turquoise
P_rim15,P,rim15,P53633,YIP3,turquoise
P_rim15,P,rim15,P53691,CPR6,turquoise
P_rim15,P,rim15,P53753,DSE4,turquoise
P_rim15,P,rim15,P53834,HCH1,turquoise
P_rim15,P,rim15,P53839,GOR1,blue
P_rim15,P,rim15,P53849,GIS2,turquoise
P_rim15,P,rim15,P53860;P38907,PDR16,blue
P_rim15,P,rim15,P53879,RHO5,blue
P_rim15,P,rim15,P53889,FMP41,blue
P_rim15,P,rim15,P53900,GIM3,turquoise
P_rim15,P,rim15,P53914,KRE33,turquoise
P_rim15,P,rim15,P54000,SUB1,turquoise
P_rim15,P,rim15,P54113,ADE16,turquoise
P_rim15,P,rim15,P54115,ALD6,blue
P_rim15,P,rim15,P54783,ALO1,brown
P_rim15,P,rim15,P54838,DAK1,blue
P_rim15,P,rim15,P54839,ERG13,turquoise
P_rim15,P,rim15,P54885,PRO2,turquoise
P_rim15,P,rim15,P61830,HHT1,brown
P_rim15,P,rim15,P80210,ADE12,blue
P_rim15,P,rim15,P87108,TIM10,turquoise
P_rim15,P,rim15,P87262;P40525,RPL34A,turquoise
P_rim15,P,rim15,P89886,TMA20,turquoise
P_rim15,P,rim15,Q00055,GPD1,blue
P_rim15,P,rim15,Q00245,RHO3,blue
P_rim15,P,rim15,Q00362,CDC55,brown
P_rim15,P,rim15,Q00402,NUM1,turquoise
P_rim15,P,rim15,Q00711,SDH1,blue
P_rim15,P,rim15,Q00764,TPS1,blue
P_rim15,P,rim15,Q00772,SLT2,turquoise
P_rim15,P,rim15,Q00955,ACC1,turquoise
P_rim15,P,rim15,Q01080,RPA49,turquoise
P_rim15,P,rim15,Q01477,UBP3,brown
P_rim15,P,rim15,Q01519,COX12,blue
P_rim15,P,rim15,Q01532,LAP3,blue
P_rim15,P,rim15,Q01560,NPL3,turquoise
P_rim15,P,rim15,Q01662,MAP1,turquoise
P_rim15,P,rim15,Q01852,TIM44,turquoise
P_rim15,P,rim15,Q01855,RPS15,turquoise
P_rim15,P,rim15,Q01939,RPT6,turquoise
P_rim15,P,rim15,Q02201,OSH6,turquoise
P_rim15,P,rim15,Q02326,RPL6A,turquoise
P_rim15,P,rim15,Q02486,ABF2,blue
P_rim15,P,rim15,Q02725,VTC3,blue
P_rim15,P,rim15,Q02753,RPL21A,turquoise
P_rim15,P,rim15,Q02776,TIM50,brown
P_rim15,P,rim15,Q02821,SRP1,turquoise
P_rim15,P,rim15,Q03088,SVL3,turquoise
P_rim15,P,rim15,Q03104,MSC1,blue
P_rim15,P,rim15,Q03195,RLI1,turquoise
P_rim15,P,rim15,Q03558,OYE2,blue
P_rim15,P,rim15,Q03640,TCB3,brown
P_rim15,P,rim15,Q03690,CLU1,turquoise
P_rim15,P,rim15,Q03973,HMO1,turquoise
P_rim15,P,rim15,Q04062,RPN9,brown
P_rim15,P,rim15,Q04067,TIF35,turquoise
P_rim15,P,rim15,Q04175,SXM1,turquoise
P_rim15,P,rim15,Q04178,HPT1,blue
P_rim15,P,rim15,Q04344,HNT1,blue
P_rim15,P,rim15,Q04432,HSP31,blue
P_rim15,P,rim15,Q04439,MYO5,brown
P_rim15,P,rim15,Q04491,SEC13,turquoise
P_rim15,P,rim15,Q04697,GSF2,brown
P_rim15,P,rim15,Q04728,ARG7,blue
P_rim15,P,rim15,Q04894,ADH6,turquoise
P_rim15,P,rim15,Q04947,RTN1,turquoise
P_rim15,P,rim15,Q05022,RRP5,turquoise
P_rim15,P,rim15,Q05050,EIS1,blue
P_rim15,P,rim15,Q05359,ERP1,brown
P_rim15,P,rim15,Q05515,SVF1,turquoise
P_rim15,P,rim15,Q05775,HCR1,turquoise
P_rim15,P,rim15,Q05905,HRI1,turquoise
P_rim15,P,rim15,Q05911,ADE13,blue
P_rim15,P,rim15,Q06010,STE23,turquoise
P_rim15,P,rim15,Q06103,RPN7,turquoise
P_rim15,P,rim15,Q06151,DCS1,blue
P_rim15,P,rim15,Q06440,CRN1,turquoise
P_rim15,P,rim15,Q06449,PIN3,turquoise
P_rim15,P,rim15,Q06489,MRI1,turquoise
P_rim15,P,rim15,Q06505,SPN1,turquoise
P_rim15,P,rim15,Q06523,YPR148C,brown
P_rim15,P,rim15,Q06625,GDB1,blue
P_rim15,P,rim15,Q06631,BFR2,turquoise
P_rim15,P,rim15,Q06685,VIP1,blue
P_rim15,P,rim15,Q06705,CSR1,turquoise
P_rim15,P,rim15,Q06706,IKI3,turquoise
P_rim15,P,rim15,Q07505,YDL086W,turquoise
P_rim15,P,rim15,Q07825,FRA1,blue
P_rim15,P,rim15,Q08193,GAS5,blue
P_rim15,P,rim15,Q08220,GSH2,turquoise
P_rim15,P,rim15,Q08245,ZEO1,turquoise
P_rim15,P,rim15,Q08421,ETT1,turquoise
P_rim15,P,rim15,Q08645,MET7,brown
P_rim15,P,rim15,Q08647,PUS7,blue
P_rim15,P,rim15,Q08723,RPN8,brown
P_rim15,P,rim15,Q08745;P46784,RPS10A,turquoise
P_rim15,P,rim15,Q08971,YPL225W,turquoise
P_rim15,P,rim15,Q08972,NEW1,turquoise
P_rim15,P,rim15,Q08977,YPL260W,blue
P_rim15,P,rim15,Q08985;Q04898,SAM4,turquoise
P_rim15,P,rim15,Q10740,LAP2,turquoise
P_rim15,P,rim15,Q12009,TRM8,turquoise
P_rim15,P,rim15,Q12019,MDN1,turquoise
P_rim15,P,rim15,Q12029,FSF1,blue
P_rim15,P,rim15,Q12032,AIM41,blue
P_rim15,P,rim15,Q12044,RCN2,turquoise
P_rim15,P,rim15,Q12068,GRE2,blue
P_rim15,P,rim15,Q12074,SPE3,turquoise
P_rim15,P,rim15,Q12109,WRS1,turquoise
P_rim15,P,rim15,Q12118,SGT2,turquoise
P_rim15,P,rim15,Q12122,LYS21,blue
P_rim15,P,rim15,Q12154,GET3,turquoise
P_rim15,P,rim15,Q12159,YRA1,brown
P_rim15,P,rim15,Q12178,FCY1,turquoise
P_rim15,P,rim15,Q12189,RKI1,turquoise
P_rim15,P,rim15,Q12230,LSP1,blue
P_rim15,P,rim15,Q12250,RPN5,blue
P_rim15,P,rim15,Q12271,INP53,turquoise
P_rim15,P,rim15,Q12285,MDY2,turquoise
P_rim15,P,rim15,Q12314,SFM1,turquoise
P_rim15,P,rim15,Q12335,PST2,blue
P_rim15,P,rim15,Q12363,WTM1,blue
P_rim15,P,rim15,Q12377,RPN6,blue
P_rim15,P,rim15,Q12447,PAA1,brown
P_rim15,P,rim15,Q12452,ERG27,turquoise
P_rim15,P,rim15,Q12458,YPR1,blue
P_rim15,P,rim15,Q12460,NOP56,turquoise
P_rim15,P,rim15,Q12466,TCB1,blue
P_rim15,P,rim15,Q12480,AIM45,blue
P_rim15,P,rim15,Q12499,NOP58,turquoise
P_rim15,P,rim15,Q12513,TMA17,blue
P_rim15,P,rim15,Q12680,GLT1,blue
P_rim15,P,rim15,Q12754,RRP12,turquoise
P_rim15,P,rim15,Q3E754,RPS21B,turquoise
P_rim15,P,rim15,Q3E757;P0C0W9,RPL11B,turquoise
P_rim15,P,rim15,Q3E764,TMA7,turquoise
P_rim15,P,rim15,Q3E792;P0C0T4,RPS25A,turquoise
P_rim15,P,rim15,Q3E7X9,RPS28A,turquoise
P_rim15,P,rim15,Q3E7Y3;P0C0W1,RPS22B,turquoise
P_rim15,P,rim15,Q86ZR7,YKL033W-A,turquoise
P_rim15,P,rim15,Q99257,MEX67,turquoise
P_rim15,P,rim15,Q99258,RIB3,turquoise
P_rim15,P,rim15,Q99383,HRP1,turquoise
