protein_id,gene_name,C_WT_module,C_rim15_module,P_WT_module,P_rim15_module
O13297,CET1,turquoise,turquoise,NA,NA
O14455,RPL36B,turquoise,NA,turquoise,turquoise
O14467,MBF1,blue,blue,turquoise,turquoise
O43137,YBR085C-A,NA,NA,unassigned,brown
O74700,TIM9,NA,turquoise,turquoise,turquoise
P00128,QCR7,turquoise,turquoise,blue,blue
P00330,ADH1,turquoise,turquoise,blue,blue
P00358,TDH2,NA,NA,turquoise,blue
P00359,TDH3,NA,NA,blue,blue
P00360,TDH1,NA,NA,blue,blue
P00427,COX6,turquoise,turquoise,blue,blue
P00431,CCP1,turquoise,turquoise,blue,blue
P00445,SOD1,turquoise,turquoise,blue,turquoise
P00447,SOD2,turquoise,turquoise,blue,blue
P00498,HIS1,NA,NA,blue,blue
P00546,CDC28,NA,unassigned,NA,NA
P00549,CDC19,NA,NA,blue,blue
P00560,PGK1,NA,NA,blue,blue
P00729,PRC1,NA,NA,blue,blue
P00812,CAR1,turquoise,turquoise,turquoise,blue
P00815,HIS4,NA,turquoise,blue,blue
P00817,IPP1,NA,turquoise,blue,blue
P00830,ATP2,turquoise,turquoise,blue,blue
P00890,CIT1,turquoise,turquoise,blue,blue
P00899,TRP2,blue,turquoise,turquoise,brown
P00924,ENO1,NA,NA,blue,blue
P00925,ENO2,NA,NA,brown,brown
P00927,ILV1,NA,NA,brown,NA
P00931,TRP5,NA,turquoise,turquoise,NA
P00937,TRP3,NA,unassigned,NA,NA
P00942,TPI1,NA,turquoise,turquoise,turquoise
P00950,GPM1,NA,turquoise,blue,blue
P00958,MES1,NA,turquoise,turquoise,turquoise
P01120,RAS2,NA,turquoise,blue,blue
P01123,YPT1,NA,turquoise,turquoise,brown
P02294;P02293,HTB2,NA,turquoise,turquoise,turquoise
P02309,HHF1,NA,turquoise,turquoise,blue
P02400,RPP2B,NA,unassigned,turquoise,turquoise
P02406,RPL28,turquoise,blue,turquoise,turquoise
P02557,TUB2,NA,NA,unassigned,NA
P02829,HSP82,turquoise,turquoise,NA,brown
P02992,TUF1,NA,turquoise,turquoise,brown
P02994,TEF1,turquoise,NA,turquoise,turquoise
P03962,URA3,turquoise,turquoise,turquoise,NA
P03965,CPA2,NA,NA,turquoise,NA
P04037,COX4,turquoise,turquoise,blue,blue
P04046,ADE4,blue,turquoise,blue,blue
P04050,RPO21,blue,NA,turquoise,turquoise
P04076,ARG4,turquoise,turquoise,blue,blue
P04147,PAB1,NA,NA,turquoise,turquoise
P04173,LEU2,NA,NA,blue,blue
P04449,RPL24A,NA,NA,turquoise,turquoise
P04456,RPL25,turquoise,turquoise,turquoise,turquoise
P04710,AAC1,NA,NA,blue,blue
P04801,THS1,NA,NA,turquoise,turquoise
P04802,DPS1,turquoise,turquoise,turquoise,turquoise
P04806,HXK1,turquoise,turquoise,blue,blue
P04807,HXK2,NA,turquoise,turquoise,turquoise
P04840,POR1,turquoise,turquoise,blue,blue
P04912;P04911,HTA2,NA,turquoise,NA,NA
P05030,PMA1,turquoise,turquoise,turquoise,blue
P05317,RPP0,turquoise,turquoise,turquoise,turquoise
P05373,HEM2,NA,NA,turquoise,turquoise
P05453,SUP35,turquoise,turquoise,turquoise,turquoise
P05626,ATP4,turquoise,turquoise,blue,blue
P05694,MET6,turquoise,turquoise,blue,blue
P05737,RPL7A,NA,NA,turquoise,turquoise
P05739,RPL6B,turquoise,turquoise,turquoise,turquoise
P05740,RPL17A,unassigned,unassigned,turquoise,turquoise
P05744,RPL33A,turquoise,turquoise,turquoise,turquoise
P05748,RPL15A,NA,turquoise,turquoise,turquoise
P05750,RPS3,NA,NA,turquoise,turquoise
P05755,RPS9B,turquoise,NA,turquoise,turquoise
P05756,RPS13,turquoise,turquoise,turquoise,turquoise
P05759;P0CG63,RPS31,NA,NA,turquoise,turquoise
P06101,CDC37,unassigned,turquoise,turquoise,turquoise
P06102,NOT3,NA,turquoise,turquoise,NA
P06103,PRT1,NA,NA,turquoise,turquoise
P06105,SCP160,NA,turquoise,turquoise,turquoise
P06106,MET17,turquoise,turquoise,blue,blue
P06168,ILV5,turquoise,turquoise,blue,blue
P06169;Q07471,PDC1,turquoise,turquoise,blue,blue
P06208,LEU4,turquoise,turquoise,blue,blue
P06367,RPS14A,NA,turquoise,turquoise,turquoise
P06634,DED1,blue,turquoise,turquoise,turquoise
P06704,CDC31,NA,turquoise,NA,NA
P06738,GPH1,turquoise,turquoise,blue,blue
P06780,RHO1,turquoise,NA,blue,blue
P06785,CDC21,blue,turquoise,turquoise,brown
P06787,CMD1,NA,turquoise,NA,turquoise
P07143,CYT1,turquoise,turquoise,blue,blue
P07149,FAS1,NA,turquoise,turquoise,turquoise
P07170,ADK1,NA,NA,turquoise,brown
P07172,HIS5,turquoise,turquoise,blue,blue
P07213,TOM70,turquoise,NA,turquoise,turquoise
P07244,"ADE5,7",NA,turquoise,blue,blue
P07245,ADE3,NA,NA,brown,blue
P07246,ADH3,turquoise,turquoise,blue,blue
P07251,ATP1,turquoise,turquoise,blue,blue
P07256,COR1,turquoise,turquoise,blue,blue
P07257,QCR2,turquoise,turquoise,blue,blue
P07259,URA2,NA,turquoise,blue,blue
P07260,CDC33,unassigned,NA,turquoise,turquoise
P07262,GDH1,unassigned,turquoise,brown,blue
P07263,HTS1,NA,turquoise,turquoise,brown
P07264,LEU1,turquoise,turquoise,blue,blue
P07267,PEP4,turquoise,turquoise,blue,blue
P07273,DST1,blue,turquoise,NA,turquoise
P07274,PFY1,NA,NA,NA,turquoise
P07275,PUT2,turquoise,turquoise,blue,blue
P07277,ERG12,NA,blue,turquoise,turquoise
P07278,BCY1,turquoise,turquoise,turquoise,NA
P07281;P07280,RPS19B,NA,NA,turquoise,turquoise
P07283,SEC53,turquoise,blue,turquoise,turquoise
P07284,SES1,turquoise,NA,turquoise,turquoise
P07285,TRP4,turquoise,turquoise,NA,NA
P07342,ILV2,unassigned,NA,blue,blue
P07560,SEC4,unassigned,turquoise,turquoise,brown
P07702,LYS2,turquoise,NA,NA,blue
P07703,RPC40,turquoise,turquoise,turquoise,turquoise
P07806,VAS1,NA,unassigned,turquoise,turquoise
P07991,CAR2,turquoise,turquoise,blue,blue
P08417,FUM1,turquoise,turquoise,turquoise,blue
P08518,RPB2,turquoise,turquoise,turquoise,turquoise
P08524,ERG20,NA,turquoise,turquoise,turquoise
P08566,ARO1,NA,turquoise,turquoise,blue
P09032,GCD1,NA,NA,turquoise,turquoise
P09064,SUI3,turquoise,unassigned,turquoise,turquoise
P09232,PRB1,turquoise,turquoise,blue,blue
P09436,ILS1,NA,unassigned,turquoise,turquoise
P09440,MIS1,NA,turquoise,turquoise,turquoise
P09457,ATP5,turquoise,turquoise,blue,blue
P09624,LPD1,turquoise,turquoise,blue,blue
P09733,TUB1,turquoise,NA,NA,NA
P09938,RNR2,turquoise,turquoise,blue,blue
P0C2H7;P0C2H6,RPL27B,blue,turquoise,turquoise,turquoise
P0C2H8,RPL31A,NA,NA,turquoise,turquoise
P0CS90,SSC1,NA,turquoise,NA,NA
P0CX24;P0CX23,RPL20B,turquoise,unassigned,turquoise,turquoise
P0CX26;P0CX25,RPL43B,NA,turquoise,turquoise,turquoise
P0CX30;P0CX29,RPS23B,NA,NA,turquoise,turquoise
P0CX32;P0CX31,RPS24B,NA,turquoise,turquoise,turquoise
P0CX34;P0CX33,RPS30B,NA,turquoise,turquoise,turquoise
P0CX36;P0CX35,RPS4B,turquoise,turquoise,turquoise,turquoise
P0CX38;P0CX37,RPS6B,NA,NA,turquoise,turquoise
P0CX40;P0CX39,RPS8B,turquoise,turquoise,turquoise,turquoise
P0CX42;P0CX41,RPL23B,turquoise,turquoise,turquoise,turquoise
P0CX44;P0CX43,RPL1B,NA,NA,turquoise,turquoise
P0CX46;P0CX45,RPL2B,NA,unassigned,turquoise,turquoise
P0CX48;P0CX47,RPS11B,NA,turquoise,turquoise,turquoise
P0CX50;P0CX49,RPL18B,NA,NA,turquoise,turquoise
P0CX52;P0CX51,RPS16B,blue,turquoise,turquoise,turquoise
P0CX54;P0CX53,RPL12B,NA,turquoise,turquoise,turquoise
P0CX56;P0CX55,RPS18B,NA,unassigned,turquoise,turquoise
P0CX83;P0CX82,RPL19B,turquoise,NA,turquoise,turquoise
P0CX85;P0CX84,RPL35B,NA,unassigned,turquoise,turquoise
P10080,SBP1,NA,NA,NA,turquoise
P10081,TIF1,NA,turquoise,turquoise,turquoise
P10591,SSA1,turquoise,turquoise,blue,blue
P10592,SSA2,NA,turquoise,turquoise,turquoise
P10659,SAM1,NA,NA,blue,blue
P10664,RPL4A,turquoise,blue,turquoise,turquoise
P10869,HOM3,NA,NA,blue,blue
P10964,RPA190,NA,turquoise,turquoise,turquoise
P11075,SEC7,NA,turquoise,NA,turquoise
P11076,ARF1,NA,turquoise,turquoise,brown
P11154,PYC1,NA,NA,blue,blue
P11353,HEM13,turquoise,turquoise,turquoise,turquoise
P11412,ZWF1,turquoise,turquoise,blue,blue
P11484,SSB1,NA,turquoise,turquoise,turquoise
P11633,NHP6B,unassigned,turquoise,blue,blue
P11745,RNA1,unassigned,NA,turquoise,turquoise
P11938,RAP1,NA,NA,turquoise,turquoise
P12385,SUP45,NA,NA,turquoise,turquoise
P12612,TCP1,NA,NA,turquoise,turquoise
P12688,YPK1,turquoise,turquoise,turquoise,turquoise
P12695,LAT1,turquoise,NA,turquoise,turquoise
P12709,PGI1,NA,turquoise,blue,blue
P12945,NAT1,NA,NA,turquoise,turquoise
P13188,GLN4,NA,NA,turquoise,turquoise
P13298,URA5,turquoise,NA,turquoise,turquoise
P13517,CAP2,turquoise,turquoise,turquoise,NA
P13586,PMR1,NA,NA,NA,turquoise
P13663,HOM2,NA,NA,brown,blue
P14120,RPL30,NA,NA,turquoise,turquoise
P14126,RPL3,turquoise,NA,turquoise,turquoise
P14127;P02407,RPS17B,turquoise,NA,turquoise,turquoise
P14164,ABF1,NA,NA,brown,NA
P14540,FBA1,NA,NA,blue,blue
P14742,GFA1,NA,unassigned,turquoise,turquoise
P14743,NMT1,unassigned,turquoise,turquoise,turquoise
P14832,CPR1,NA,turquoise,turquoise,turquoise
P14843,ARO3,turquoise,NA,turquoise,blue
P14904,APE1,turquoise,turquoise,blue,blue
P14906,SEC63,NA,turquoise,NA,brown
P14907,NSP1,NA,NA,turquoise,turquoise
P15019,TAL1,turquoise,turquoise,blue,blue
P15108,HSC82,turquoise,turquoise,turquoise,turquoise
P15180,KRS1,NA,turquoise,turquoise,turquoise
P15274,AMD1,turquoise,NA,unassigned,NA
P15303,SEC23,NA,NA,turquoise,turquoise
P15454,GUK1,NA,turquoise,turquoise,turquoise
P15496,IDI1,blue,turquoise,turquoise,turquoise
P15565,TRM1,NA,NA,turquoise,turquoise
P15624,FRS1,NA,unassigned,turquoise,turquoise
P15625,FRS2,NA,turquoise,turquoise,turquoise
P15646,NOP1,NA,NA,turquoise,turquoise
P15700,URA6,NA,NA,turquoise,brown
P15705,STI1,turquoise,turquoise,turquoise,turquoise
P15873,POL30,NA,NA,turquoise,turquoise
P15891,ABP1,NA,NA,brown,blue
P16120,THR4,NA,NA,NA,turquoise
P16140,VMA2,turquoise,NA,turquoise,turquoise
P16387,PDA1,turquoise,turquoise,brown,blue
P16474,KAR2,blue,turquoise,turquoise,turquoise
P16521,YEF3,blue,turquoise,turquoise,turquoise
P16547,OM45,turquoise,turquoise,blue,blue
P16550,APA1,NA,NA,turquoise,turquoise
P16603,NCP1,blue,NA,turquoise,turquoise
P16622,HEM15,NA,NA,turquoise,turquoise
P16649,TUP1,NA,turquoise,turquoise,turquoise
P16861,PFK1,turquoise,turquoise,blue,blue
P16862,PFK2,NA,turquoise,blue,blue
P17106,CBF1,NA,NA,blue,blue
P17157,PHO85,NA,turquoise,NA,NA
P17255,VMA1,turquoise,turquoise,turquoise,NA
P17423,THR1,NA,NA,turquoise,turquoise
P17505,MDH1,turquoise,turquoise,blue,blue
P17536,TPM1,NA,turquoise,turquoise,turquoise
P17555,SRV2,blue,turquoise,NA,NA
P17649,UGA1,NA,NA,blue,blue
P17695,GRX2,turquoise,NA,blue,blue
P17709,GLK1,turquoise,turquoise,blue,blue
P17891,CLC1,turquoise,turquoise,NA,NA
P17967,PDI1,NA,NA,turquoise,turquoise
P18239;P18238,PET9,turquoise,turquoise,blue,blue
P18562,FUR1,NA,turquoise,turquoise,turquoise
P18759,SEC18,blue,NA,turquoise,turquoise
P18899,DDR48,NA,NA,blue,blue
P19073,CDC42,NA,NA,turquoise,brown
P19097,FAS2,NA,turquoise,turquoise,turquoise
P19262,KGD2,NA,NA,blue,blue
P19358,SAM2,turquoise,turquoise,turquoise,brown
P19414,ACO1,NA,turquoise,NA,NA
P19524,MYO2,NA,NA,NA,turquoise
P19881,PHO13,NA,NA,turquoise,NA
P19882,HSP60,NA,turquoise,turquoise,NA
P19955,YMR31,NA,NA,blue,blue
P20081,FPR1,turquoise,turquoise,turquoise,blue
P20447,DBP3,blue,turquoise,turquoise,turquoise
P20449,DBP5,turquoise,NA,NA,turquoise
P20459,SUI2,NA,NA,turquoise,turquoise
P20484,MAK11,turquoise,NA,turquoise,turquoise
P20485,CKI1,NA,NA,turquoise,turquoise
P20604,SIT4,NA,NA,turquoise,turquoise
P20606,SAR1,unassigned,turquoise,turquoise,turquoise
P20967,KGD1,turquoise,turquoise,blue,blue
P21242,PRE10,turquoise,turquoise,NA,NA
P21243,SCL1,turquoise,turquoise,NA,brown
P21264,ADE2,turquoise,turquoise,blue,blue
P21304,PWP1,NA,NA,turquoise,turquoise
P21576,VPS1,turquoise,NA,turquoise,turquoise
P21734,UBC1,NA,NA,turquoise,turquoise
P21801,SDH2,turquoise,blue,blue,blue
P21954,IDP1,turquoise,turquoise,brown,blue
P21965,MCK1,NA,NA,blue,brown
P22137,CHC1,NA,turquoise,NA,NA
P22138,RPA135,NA,NA,turquoise,turquoise
P22141,PRE1,NA,NA,NA,brown
P22146,GAS1,blue,turquoise,turquoise,brown
P22147,XRN1,NA,NA,turquoise,turquoise
P22203,VMA4,NA,NA,turquoise,turquoise
P22217,TRX1,turquoise,turquoise,turquoise,turquoise
P22336,RFA1,NA,turquoise,turquoise,brown
P22515,UBA1,turquoise,turquoise,turquoise,brown
P22768,ARG1,NA,NA,turquoise,turquoise
P22855,AMS1,turquoise,turquoise,blue,blue
P23180,AIM17,turquoise,turquoise,blue,blue
P23248,RPS1B,NA,NA,turquoise,turquoise
P23254,TKL1,blue,turquoise,turquoise,brown
P23292,YCK2,NA,NA,turquoise,unassigned
P23301,HYP2,blue,turquoise,turquoise,turquoise
P23542,AAT2,NA,turquoise,turquoise,brown
P23615,SPT6,NA,turquoise,NA,NA
P23639,PRE8,unassigned,turquoise,NA,turquoise
P23641,MIR1,turquoise,turquoise,blue,blue
P23644,TOM40,turquoise,turquoise,NA,blue
P23724,PRE7,turquoise,turquoise,NA,turquoise
P23776,EXG1,NA,NA,blue,blue
P24276,SSD1,turquoise,brown,brown,turquoise
P24280,SEC14,turquoise,blue,turquoise,turquoise
P24521,ERG8,NA,unassigned,turquoise,turquoise
P24783,DBP2,blue,turquoise,turquoise,turquoise
P25039,MEF1,NA,turquoise,NA,NA
P25045,LCB1,turquoise,NA,turquoise,turquoise
P25087,ERG6,blue,turquoise,turquoise,turquoise
P25293,NAP1,blue,turquoise,turquoise,NA
P25294,SIS1,NA,turquoise,turquoise,blue
P25343,RVS161,NA,turquoise,turquoise,brown
P25349,YCP4,turquoise,turquoise,blue,blue
P25367,RNQ1,turquoise,turquoise,NA,NA
P25373,GRX1,NA,turquoise,blue,blue
P25374,NFS1,NA,turquoise,NA,NA
P25375,PRD1,NA,NA,turquoise,turquoise
P25443,RPS2,blue,turquoise,turquoise,turquoise
P25451,PUP3,turquoise,turquoise,NA,NA
P25491,YDJ1,blue,turquoise,turquoise,turquoise
P25567,SRO9,blue,turquoise,NA,NA
P25574,EMC1,NA,unassigned,NA,brown
P25586,KRR1,NA,NA,turquoise,turquoise
P25605,ILV6,blue,turquoise,turquoise,NA
P25623,SYP1,turquoise,turquoise,blue,NA
P25632,RSC6,NA,NA,turquoise,turquoise
P25635,PWP2,NA,NA,turquoise,turquoise
P25655,CDC39,NA,NA,turquoise,turquoise
P25694,CDC48,blue,turquoise,turquoise,brown
P25719,CPR3,NA,NA,turquoise,turquoise
P26321,RPL5,turquoise,NA,turquoise,turquoise
P26637,CDC60,NA,NA,turquoise,turquoise
P26783,RPS5,NA,turquoise,turquoise,turquoise
P26784,RPL16A,turquoise,turquoise,NA,NA
P26785,RPL16B,turquoise,turquoise,turquoise,turquoise
P26786,RPS7A,NA,turquoise,turquoise,turquoise
P27472,GSY2,turquoise,turquoise,blue,blue
P27476,NSR1,NA,NA,turquoise,turquoise
P27614,CPS1,NA,NA,brown,brown
P27616,ADE1,turquoise,turquoise,blue,blue
P27692,SPT5,NA,unassigned,turquoise,turquoise
P27809,KRE2,NA,NA,turquoise,turquoise
P27810,KTR1,blue,turquoise,turquoise,turquoise
P28007,GAR1,NA,NA,blue,blue
P28241,IDH2,turquoise,turquoise,NA,blue
P28274,URA7,NA,turquoise,turquoise,turquoise
P28495,CAP1,NA,NA,blue,turquoise
P28707,SBA1,turquoise,NA,NA,NA
P28777,ARO2,NA,NA,turquoise,turquoise
P28789,HEM3,blue,turquoise,turquoise,turquoise
P28834,IDH1,NA,turquoise,NA,blue
P29311,BMH1,turquoise,turquoise,blue,blue
P29453,RPL8B,turquoise,turquoise,turquoise,turquoise
P29478,SEC65,NA,NA,turquoise,turquoise
P29509,TRR1,NA,NA,turquoise,NA
P29547,CAM1,turquoise,NA,NA,NA
P29704,ERG9,NA,NA,turquoise,turquoise
P29952,PMI40,NA,unassigned,turquoise,brown
P30624,FAA1,turquoise,turquoise,turquoise,brown
P30657,PRE4,blue,turquoise,NA,NA
P30771,NAM7,NA,NA,NA,turquoise
P30822,CRM1,NA,turquoise,NA,turquoise
P30902,ATP7,turquoise,turquoise,blue,blue
P31116,HOM6,blue,NA,blue,blue
P31373,CYS3,NA,NA,blue,blue
P31382,PMT2,NA,NA,turquoise,brown
P31383,TPD3,turquoise,turquoise,NA,NA
P31412,VMA5,blue,turquoise,turquoise,brown
P31539,HSP104,turquoise,turquoise,blue,blue
P31688,TPS2,NA,NA,blue,blue
P31787,ACB1,NA,NA,turquoise,turquoise
P32074,SEC21,NA,turquoise,NA,turquoise
P32178,ARO7,NA,NA,turquoise,turquoise
P32179,MET22,NA,NA,blue,blue
P32191,GUT2,turquoise,turquoise,blue,blue
P32263,PRO3,NA,brown,turquoise,brown
P32264,PRO1,NA,NA,turquoise,turquoise
P32288,GLN1,NA,turquoise,brown,blue
P32316,ACH1,turquoise,turquoise,blue,blue
P32324,EFT1,blue,turquoise,turquoise,turquoise
P32327,PYC2,turquoise,turquoise,blue,blue
P32337,PSE1,NA,unassigned,NA,turquoise
P32340,NDI1,turquoise,turquoise,blue,blue
P32352,ERG2,turquoise,NA,turquoise,turquoise
P32356,NTH1,NA,NA,blue,blue
P32366,VMA6,NA,NA,turquoise,NA
P32368,SAC1,NA,turquoise,NA,brown
P32377,MVD1,NA,NA,turquoise,turquoise
P32379,PUP2,turquoise,turquoise,NA,NA
P32381,ARP2,turquoise,unassigned,NA,blue
P32386,YBT1,blue,NA,NA,unassigned
P32419,MDH3,NA,turquoise,turquoise,brown
P32445,RIM1,turquoise,turquoise,brown,blue
P32449,ARO4,NA,turquoise,NA,blue
P32454,APE2,turquoise,turquoise,blue,blue
P32458,CDC11,blue,turquoise,turquoise,NA
P32468,CDC12,turquoise,turquoise,NA,NA
P32469,DPH5,turquoise,turquoise,turquoise,turquoise
P32471,EFB1,NA,NA,turquoise,turquoise
P32473,PDB1,turquoise,NA,brown,blue
P32476,ERG1,turquoise,turquoise,blue,turquoise
P32477,GSH1,NA,NA,blue,blue
P32481,GCD11,turquoise,turquoise,turquoise,turquoise
P32485;P41808,HOG1,NA,NA,turquoise,brown
P32496,RPN12,blue,NA,turquoise,turquoise
P32497,NIP1,NA,NA,turquoise,turquoise
P32499,NUP2,unassigned,turquoise,turquoise,turquoise
P32501,GCD6,blue,NA,NA,NA
P32505,NAB2,NA,NA,turquoise,turquoise
P32521,PAN1,NA,turquoise,turquoise,turquoise
P32527,ZUO1,NA,NA,turquoise,turquoise
P32558,SPT16,NA,turquoise,NA,NA
P32563,VPH1,turquoise,turquoise,NA,NA
P32565,RPN2,NA,turquoise,NA,turquoise
P32582,CYS4,NA,NA,turquoise,turquoise
P32588,PUB1,NA,NA,turquoise,turquoise
P32589,SSE1,turquoise,turquoise,turquoise,turquoise
P32597,STH1,NA,NA,NA,turquoise
P32598,GLC7,NA,NA,brown,brown
P32599,SAC6,NA,turquoise,NA,brown
P32602,SEC17,NA,turquoise,turquoise,brown
P32608,RTG2,turquoise,turquoise,NA,NA
P32610,VMA8,turquoise,unassigned,NA,brown
P32614,FRD1,NA,turquoise,brown,blue
P32628,RAD23,blue,turquoise,turquoise,turquoise
P32769,HBS1,NA,turquoise,NA,NA
P32771,SFA1,NA,NA,NA,unassigned
P32775,GLC3,turquoise,turquoise,blue,blue
P32787,MGM101,turquoise,unassigned,blue,blue
P32790,SLA1,NA,NA,turquoise,turquoise
P32803,EMP24,NA,turquoise,turquoise,brown
P32832,NPL6,NA,unassigned,NA,NA
P32836,GSP2,turquoise,turquoise,turquoise,turquoise
P32843,YME2,NA,NA,blue,blue
P32861,UGP1,NA,NA,blue,blue
P32891,DLD1,turquoise,turquoise,blue,blue
P32895,PRS1,NA,turquoise,turquoise,turquoise
P32911,SUI1,NA,turquoise,NA,NA
P32939,YPT7,unassigned,turquoise,blue,blue
P33201,MRT4,NA,NA,turquoise,turquoise
P33204,ARC19,turquoise,turquoise,NA,blue
P33297,RPT5,NA,unassigned,turquoise,turquoise
P33298,RPT3,NA,NA,turquoise,turquoise
P33299,RPT1,NA,NA,turquoise,turquoise
P33322,CBF5,NA,turquoise,turquoise,turquoise
P33327,GDH2,turquoise,turquoise,blue,blue
P33330,SER1,blue,turquoise,blue,blue
P33331,NTF2,NA,NA,turquoise,turquoise
P33333,SLC1,turquoise,NA,NA,NA
P33338,SLA2,NA,NA,NA,brown
P33399,LHP1,NA,NA,turquoise,turquoise
P33401,PGM1,NA,NA,turquoise,turquoise
P33416,HSP78,turquoise,turquoise,blue,blue
P33442,RPS1A,NA,NA,turquoise,turquoise
P33734,HIS7,turquoise,turquoise,blue,blue
P33775,PMT1,NA,NA,turquoise,turquoise
P33892,GCN1,NA,turquoise,turquoise,turquoise
P34077,NIC96,NA,turquoise,NA,NA
P34167,TIF3,turquoise,turquoise,turquoise,turquoise
P34216,EDE1,unassigned,turquoise,turquoise,turquoise
P34221,PTC3,turquoise,turquoise,NA,NA
P34223,SHP1,blue,NA,turquoise,turquoise
P34227,PRX1,turquoise,turquoise,blue,blue
P34237,COY1,NA,NA,NA,turquoise
P34730,BMH2,turquoise,turquoise,blue,blue
P35176,CPR5,NA,turquoise,turquoise,turquoise
P35180,TOM20,NA,turquoise,turquoise,turquoise
P35189,TAF14,NA,NA,turquoise,turquoise
P35197,GCS1,NA,NA,turquoise,turquoise
P35691,TMA19,NA,NA,turquoise,blue
P35719,MRP8,turquoise,turquoise,blue,blue
P35844,KES1,blue,NA,turquoise,turquoise
P36008,TEF4,NA,NA,turquoise,turquoise
P36010,YNK1,turquoise,turquoise,blue,blue
P36013,MAE1,NA,NA,blue,blue
P36015,YKT6,blue,turquoise,turquoise,brown
P36016,LHS1,turquoise,NA,NA,NA
P36017,VPS21,NA,NA,turquoise,brown
P36018,YPT52,NA,turquoise,turquoise,brown
P36037,DOA1,NA,turquoise,turquoise,turquoise
P36046,MIA40,NA,turquoise,NA,NA
P36047,SDS22,turquoise,turquoise,NA,NA
P36060,MCR1,turquoise,turquoise,blue,blue
P36105,RPL14A,NA,NA,turquoise,turquoise
P36112,MIC60,turquoise,turquoise,blue,blue
P36114,YKR018C,NA,turquoise,NA,brown
P36136,SHB17,turquoise,NA,turquoise,turquoise
P36148,GPT2,NA,NA,NA,blue
P36154,AIM29,NA,NA,NA,blue
P36160,RPF2,NA,brown,NA,NA
P36161,NUP133,turquoise,turquoise,NA,NA
P36421,TYS1,NA,NA,turquoise,turquoise
P36775,PIM1,NA,NA,turquoise,blue
P37012,PGM2,turquoise,turquoise,blue,blue
P37262,SOL2,NA,turquoise,NA,NA
P37291,SHM2,turquoise,turquoise,blue,blue
P37292,SHM1,turquoise,NA,turquoise,turquoise
P37302,APE3,turquoise,turquoise,blue,blue
P37898,AAP1,NA,NA,turquoise,turquoise
P38009,ADE17,turquoise,turquoise,blue,blue
P38011,ASC1,NA,turquoise,turquoise,turquoise
P38013,AHP1,NA,NA,turquoise,NA
P38061,RPL32,unassigned,unassigned,turquoise,turquoise
P38069,MNN2,NA,NA,turquoise,turquoise
P38071,ETR1,turquoise,turquoise,blue,blue
P38075,PDX3,turquoise,NA,brown,brown
P38077,ATP3,turquoise,turquoise,blue,blue
P38088,GRS1,NA,NA,turquoise,turquoise
P38115,ARA1,turquoise,turquoise,blue,blue
P38116,ARL1,blue,NA,NA,NA
P38130,KTR3,NA,NA,NA,turquoise
P38137,PCS60,turquoise,turquoise,turquoise,unassigned
P38144,ISW1,NA,NA,turquoise,turquoise
P38174,MAP2,NA,NA,turquoise,turquoise
P38205,NCL1,turquoise,NA,turquoise,turquoise
P38219,OLA1,unassigned,blue,turquoise,turquoise
P38248,ECM33,NA,turquoise,brown,blue
P38249,RPG1,NA,NA,turquoise,turquoise
P38250,IST2,turquoise,turquoise,NA,NA
P38264,PHO88,turquoise,NA,turquoise,turquoise
P38286,IFA38,NA,turquoise,NA,NA
P38295,EHT1,blue,NA,turquoise,brown
P38426,TPS3,turquoise,turquoise,blue,blue
P38427,TSL1,turquoise,turquoise,blue,blue
P38431,TIF5,NA,NA,turquoise,turquoise
P38523,MGE1,NA,turquoise,turquoise,NA
P38555,YPT31,blue,turquoise,NA,NA
P38616,YGP1,NA,turquoise,NA,turquoise
P38623,RCK2,NA,NA,turquoise,brown
P38624,PRE3,turquoise,turquoise,blue,blue
P38625,GUA1,NA,NA,turquoise,turquoise
P38626,CBR1,NA,NA,turquoise,brown
P38628,PCM1,NA,NA,turquoise,turquoise
P38629,RFC3,NA,NA,NA,turquoise
P38631,FKS1,blue,turquoise,turquoise,turquoise
P38682,GLO3,NA,NA,turquoise,turquoise
P38687,SRP68,unassigned,NA,NA,turquoise
P38688,SRP72,NA,NA,turquoise,turquoise
P38689,PRS3,NA,unassigned,turquoise,turquoise
P38694,MSC7,NA,NA,turquoise,turquoise
P38701,RPS20,turquoise,turquoise,turquoise,turquoise
P38707,DED81,NA,NA,turquoise,turquoise
P38708,YHR020W,NA,NA,turquoise,turquoise
P38711;P35997,RPS27B,NA,turquoise,turquoise,turquoise
P38715,GRE3,turquoise,turquoise,blue,blue
P38720,GND1,turquoise,turquoise,blue,blue
P38759,VPS29,NA,NA,turquoise,turquoise
P38764,RPN1,NA,turquoise,turquoise,turquoise
P38765,YHI9,NA,turquoise,blue,blue
P38773;P38774,DOG2,NA,turquoise,NA,NA
P38787,PAN5,NA,NA,turquoise,blue
P38788,SSZ1,NA,turquoise,turquoise,turquoise
P38791,DYS1,turquoise,turquoise,turquoise,turquoise
P38792,RRP4,NA,NA,turquoise,NA
P38795,QNS1,NA,turquoise,NA,NA
P38804,RTC3,NA,NA,blue,blue
P38817,GGA2,NA,turquoise,turquoise,turquoise
P38820,UBA4,unassigned,turquoise,NA,NA
P38821,APE4,turquoise,NA,NA,NA
P38845,CRP1,turquoise,NA,turquoise,NA
P38858,SOL3,NA,NA,blue,blue
P38861,NMD3,blue,NA,turquoise,turquoise
P38879,EGD2,NA,turquoise,turquoise,turquoise
P38882,UTP9,NA,NA,turquoise,turquoise
P38886,RPN10,NA,turquoise,turquoise,turquoise
P38891,BAT1,NA,turquoise,blue,blue
P38903,RTS1,NA,NA,turquoise,turquoise
P38910,HSP10,NA,brown,NA,NA
P38911,FPR3,NA,NA,blue,blue
P38912,TIF11,NA,turquoise,turquoise,turquoise
P38934,BFR1,NA,NA,turquoise,turquoise
P38968,SEC31,NA,NA,turquoise,turquoise
P38972,ADE6,turquoise,NA,blue,blue
P38986,ASP1,NA,NA,turquoise,turquoise
P38996,NAB3,NA,turquoise,unassigned,NA
P38998,LYS1,NA,NA,brown,blue
P38999,LYS9,turquoise,NA,unassigned,NA
P39004,HXT7,NA,turquoise,NA,NA
P39007,STT3,NA,turquoise,NA,NA
P39015,STM1,turquoise,blue,turquoise,turquoise
P39076,CCT2,turquoise,NA,turquoise,turquoise
P39077,CCT3,NA,NA,turquoise,turquoise
P39078,CCT4,NA,NA,turquoise,turquoise
P39079,CCT6,NA,turquoise,turquoise,turquoise
P39111,VMA7,NA,NA,turquoise,turquoise
P39517,DHH1,blue,NA,turquoise,turquoise
P39522,ILV3,turquoise,turquoise,blue,blue
P39533,ACO2,turquoise,turquoise,NA,NA
P39676,YHB1,NA,NA,turquoise,turquoise
P39683,NPT1,NA,NA,turquoise,turquoise
P39685,POM152,blue,turquoise,NA,NA
P39692,MET10,unassigned,unassigned,blue,turquoise
P39714,BDH1,turquoise,turquoise,brown,blue
P39730,FUN12,NA,NA,turquoise,turquoise
P39743,RVS167,NA,NA,turquoise,turquoise
P39744,NOC2,NA,NA,NA,turquoise
P39926,SSO2,NA,turquoise,NA,NA
P39929,SNF7,NA,NA,turquoise,turquoise
P39935,TIF4631,NA,NA,turquoise,turquoise
P39940,RSP5,NA,turquoise,turquoise,turquoise
P39954,SAH1,NA,NA,turquoise,turquoise
P39958,GDI1,blue,turquoise,turquoise,brown
P39960,BEM2,NA,turquoise,NA,NA
P39966,PTC2,turquoise,turquoise,turquoise,NA
P39968,VAC8,turquoise,NA,NA,NA
P39976,DLD3,blue,turquoise,turquoise,brown
P39986,SPF1,turquoise,NA,turquoise,brown
P39990,SNU13,NA,NA,turquoise,blue
P40010,NUG1,blue,turquoise,turquoise,turquoise
P40016,RPN3,NA,turquoise,NA,turquoise
P40024,ARB1,NA,turquoise,turquoise,turquoise
P40029,MXR1,NA,NA,blue,blue
P40032,TPA1,NA,NA,turquoise,NA
P40037,HMF1,NA,turquoise,blue,blue
P40043,RGI1,NA,NA,blue,NA
P40047,ALD5,turquoise,turquoise,blue,blue
P40053,AIM9,turquoise,turquoise,blue,NA
P40069,KAP123,NA,unassigned,turquoise,turquoise
P40075,SCS2,NA,NA,NA,brown
P40087,DDI1,NA,NA,turquoise,brown
P40093,YER156C,turquoise,NA,turquoise,turquoise
P40106,GPP2,NA,NA,blue,blue
P40150,SSB2,NA,NA,turquoise,turquoise
P40185,MMF1,turquoise,turquoise,turquoise,blue
P40202,CCS1,NA,NA,turquoise,turquoise
P40212,RPL13B,NA,unassigned,turquoise,turquoise
P40215,NDE1,turquoise,turquoise,NA,blue
P40217,TIF34,NA,NA,turquoise,turquoise
P40302,PRE5,turquoise,turquoise,NA,NA
P40303,PRE6,blue,NA,NA,NA
P40312,CYB5,NA,NA,turquoise,turquoise
P40327,RPT2,blue,NA,turquoise,turquoise
P40413,CCT5,NA,NA,turquoise,turquoise
P40414,TPM2,NA,turquoise,NA,turquoise
P40462,TMA108,NA,NA,turquoise,turquoise
P40471,AYR1,NA,turquoise,turquoise,turquoise
P40477,NUP159,unassigned,NA,turquoise,NA
P40482,SEC24,NA,turquoise,turquoise,turquoise
P40495,LYS12,turquoise,turquoise,blue,turquoise
P40506,CAB2,NA,NA,turquoise,brown
P40509,SEC28,NA,NA,turquoise,turquoise
P40510,SER33,turquoise,turquoise,blue,blue
P40515,FIS1,NA,turquoise,NA,NA
P40518,ARC15,unassigned,NA,NA,NA
P40531,GVP36,turquoise,turquoise,brown,blue
P40580,IRC24,NA,NA,blue,blue
P40582,GTT1,NA,NA,blue,blue
P40825,ALA1,blue,NA,turquoise,turquoise
P40893,REE1,NA,NA,brown,blue
P40961,PHB1,turquoise,turquoise,NA,NA
P40970,LCB2,NA,NA,NA,brown
P40989;Q04952,GSC2,NA,NA,turquoise,turquoise
P40991,NOP2,NA,NA,turquoise,blue
P41056,RPL33B,turquoise,turquoise,NA,NA
P41057,RPS29A,unassigned,NA,turquoise,turquoise
P41277,GPP1,blue,turquoise,blue,blue
P41338,ERG10,NA,NA,turquoise,turquoise
P41543,OST1,NA,NA,turquoise,NA
P41805,RPL10,blue,NA,turquoise,turquoise
P41807,VMA13,NA,turquoise,NA,turquoise
P41810,SEC26,NA,turquoise,NA,brown
P41811,SEC27,NA,NA,turquoise,turquoise
P41895,TFG1,NA,turquoise,turquoise,turquoise
P41911,GPD2,NA,NA,brown,blue
P41920,YRB1,NA,NA,turquoise,turquoise
P41921,GLR1,turquoise,turquoise,turquoise,turquoise
P41940,PSA1,NA,turquoise,turquoise,brown
P42846,KRI1,NA,NA,turquoise,turquoise
P42940,CIR1,turquoise,turquoise,brown,blue
P42943,CCT7,turquoise,turquoise,turquoise,turquoise
P43123,QRI1,NA,turquoise,turquoise,NA
P43535,GCN20,NA,NA,turquoise,turquoise
P43555,EMP47,NA,NA,turquoise,turquoise
P43585,VTC2,NA,NA,blue,blue
P43588,RPN11,blue,turquoise,turquoise,turquoise
P43590,YFR006W,turquoise,turquoise,blue,turquoise
P43593,UBP6,turquoise,NA,brown,brown
P43603,LSB3,NA,turquoise,NA,turquoise
P43609,RSC8,NA,NA,turquoise,turquoise
P43616,DUG1,turquoise,turquoise,NA,NA
P43621,RET2,turquoise,turquoise,turquoise,turquoise
P45978,SCD6,NA,NA,turquoise,turquoise
P46367,ALD4,turquoise,turquoise,blue,blue
P46654;P32905,RPS0B,turquoise,turquoise,turquoise,turquoise
P46655,GUS1,NA,NA,turquoise,turquoise
P46672,ARC1,NA,NA,turquoise,turquoise
P46680,AIP1,turquoise,turquoise,blue,NA
P46681,DLD2,turquoise,turquoise,brown,unassigned
P46683,YAR1,NA,NA,NA,turquoise
P46971,PMT4,NA,turquoise,NA,NA
P46990,RPL17B,NA,turquoise,NA,NA
P47018,MTC1,NA,turquoise,turquoise,turquoise
P47035,NET1,NA,NA,NA,blue
P47039,BNA3,turquoise,turquoise,blue,blue
P47047,MTR4,turquoise,NA,NA,NA
P47068,BBC1,blue,turquoise,NA,turquoise
P47075,VTC4,NA,NA,blue,blue
P47079,CCT8,turquoise,NA,turquoise,turquoise
P47096,BNA1,NA,NA,blue,NA
P47117,ARP3,turquoise,turquoise,NA,NA
P47119,HAM1,NA,NA,turquoise,turquoise
P47120,LIA1,blue,turquoise,turquoise,turquoise
P47143,ADO1,turquoise,turquoise,turquoise,turquoise
P47154,STE24,NA,turquoise,NA,turquoise
P47160,ENT3,NA,NA,turquoise,turquoise
P47176,BAT2,turquoise,turquoise,brown,blue
P47912,FAA4,NA,NA,turquoise,turquoise
P48015,GCV1,turquoise,turquoise,blue,blue
P48164,RPS7B,NA,turquoise,turquoise,turquoise
P48362,HGH1,NA,unassigned,turquoise,turquoise
P48589,RPS12,NA,turquoise,turquoise,turquoise
P48606,RBL2,NA,NA,NA,turquoise
P48836,VMA10,NA,turquoise,turquoise,NA
P48837,NUP57,blue,turquoise,NA,NA
P49089,ASN1,NA,NA,turquoise,brown
P49090,ASN2,NA,NA,turquoise,turquoise
P49095,GCV2,turquoise,turquoise,blue,blue
P49167,RPL38,NA,brown,turquoise,turquoise
P49367,LYS4,NA,NA,unassigned,NA
P49435,APT1,NA,NA,turquoise,turquoise
P49723,RNR4,turquoise,turquoise,blue,blue
P50094,IMD4,NA,turquoise,NA,NA
P50095,IMD3,NA,turquoise,turquoise,turquoise
P50101,UBP15,turquoise,turquoise,NA,blue
P50107,GLO1,NA,NA,turquoise,turquoise
P50861,RIB4,turquoise,NA,blue,NA
P51401,RPL9B,turquoise,NA,turquoise,turquoise
P52489,PYK2,unassigned,turquoise,blue,blue
P52553,YKE2,NA,NA,turquoise,turquoise
P52893,ALT1,turquoise,turquoise,blue,blue
P52910,ACS2,blue,turquoise,turquoise,brown
P53008,CWH41,NA,NA,turquoise,NA
P53073,EMC4,NA,NA,turquoise,turquoise
P53081,NIF3,NA,turquoise,brown,NA
P53090,ARO8,NA,turquoise,turquoise,turquoise
P53128,MET13,unassigned,turquoise,brown,blue
P53131,PRP43,turquoise,NA,turquoise,turquoise
P53141,MLC1,NA,NA,turquoise,turquoise
P53155,YGL082W,NA,NA,turquoise,blue
P53184,PNC1,NA,turquoise,blue,blue
P53199,ERG26,turquoise,NA,turquoise,turquoise
P53221,RPL26B,turquoise,turquoise,turquoise,turquoise
P53235,YGR054W,NA,NA,turquoise,turquoise
P53252,PIL1,turquoise,turquoise,blue,blue
P53254,UTP22,NA,turquoise,turquoise,turquoise
P53261,NOP7,NA,turquoise,turquoise,turquoise
P53278,YGR130C,NA,turquoise,blue,blue
P53295,RBG2,NA,turquoise,turquoise,turquoise
P53299,TIM13,NA,turquoise,brown,turquoise
P53303,ZPR1,NA,brown,turquoise,turquoise
P53312,LSC2,turquoise,turquoise,blue,blue
P53334,SCW4,NA,NA,NA,blue
P53549,RPT4,turquoise,turquoise,NA,turquoise
P53550,DCP2,turquoise,turquoise,brown,brown
P53598,LSC1,turquoise,turquoise,blue,blue
P53622,COP1,NA,turquoise,NA,turquoise
P53633,YIP3,NA,NA,turquoise,turquoise
P53691,CPR6,NA,NA,turquoise,turquoise
P53721,RCF2,NA,turquoise,NA,NA
P53731,ARC35,turquoise,NA,NA,NA
P53753,DSE4,NA,NA,NA,turquoise
P53834,HCH1,NA,turquoise,turquoise,turquoise
P53839,GOR1,turquoise,turquoise,blue,blue
P53849,GIS2,blue,unassigned,turquoise,turquoise
P53860;P38907,PDR16,NA,NA,unassigned,blue
P53879,RHO5,NA,NA,blue,blue
P53889,FMP41,NA,NA,blue,blue
P53897,IGO1,blue,NA,unassigned,NA
P53900,GIM3,turquoise,NA,turquoise,turquoise
P53914,KRE33,NA,turquoise,NA,turquoise
P53920,NMA111,NA,brown,turquoise,NA
P54000,SUB1,NA,NA,NA,turquoise
P54113,ADE16,turquoise,NA,NA,turquoise
P54115,ALD6,NA,NA,turquoise,blue
P54783,ALO1,NA,NA,turquoise,brown
P54838,DAK1,turquoise,turquoise,turquoise,blue
P54839,ERG13,blue,turquoise,turquoise,turquoise
P54861,DNM1,blue,turquoise,turquoise,NA
P54885,PRO2,NA,turquoise,turquoise,turquoise
P57744,TIM8,NA,turquoise,NA,NA
P60010,ACT1,blue,unassigned,NA,NA
P61830,HHT1,NA,NA,NA,brown
P80210,ADE12,turquoise,turquoise,blue,blue
P87108,TIM10,NA,turquoise,NA,turquoise
P87262;P40525,RPL34A,NA,NA,turquoise,turquoise
P89886,TMA20,NA,NA,turquoise,turquoise
Q00055,GPD1,NA,turquoise,blue,blue
Q00245,RHO3,turquoise,turquoise,blue,blue
Q00362,CDC55,NA,NA,NA,brown
Q00402,NUM1,NA,NA,turquoise,turquoise
Q00711,SDH1,turquoise,turquoise,blue,blue
Q00764,TPS1,turquoise,turquoise,blue,blue
Q00772,SLT2,NA,NA,NA,turquoise
Q00955,ACC1,NA,turquoise,turquoise,turquoise
Q01080,RPA49,NA,NA,turquoise,turquoise
Q01217,"ARG5,6",NA,turquoise,NA,NA
Q01477,UBP3,NA,NA,turquoise,brown
Q01519,COX12,NA,NA,blue,blue
Q01532,LAP3,NA,NA,blue,blue
Q01560,NPL3,blue,NA,turquoise,turquoise
Q01662,MAP1,blue,turquoise,turquoise,turquoise
Q01852,TIM44,NA,NA,turquoise,turquoise
Q01855,RPS15,NA,blue,turquoise,turquoise
Q01939,RPT6,NA,turquoise,turquoise,turquoise
Q02201,OSH6,NA,NA,NA,turquoise
Q02326,RPL6A,blue,turquoise,turquoise,turquoise
Q02455,MLP1,blue,turquoise,NA,NA
Q02486,ABF2,turquoise,turquoise,blue,blue
Q02725,VTC3,NA,NA,blue,blue
Q02753,RPL21A,NA,unassigned,turquoise,turquoise
Q02776,TIM50,NA,NA,turquoise,brown
Q02784,GRX5,NA,NA,turquoise,NA
Q02821,SRP1,NA,turquoise,turquoise,turquoise
Q02931,NAN1,blue,NA,NA,NA
Q03048,COF1,NA,turquoise,NA,NA
Q03088,SVL3,NA,turquoise,NA,turquoise
Q03104,MSC1,turquoise,turquoise,blue,blue
Q03124,RSC9,NA,turquoise,NA,NA
Q03195,RLI1,NA,NA,turquoise,turquoise
Q03558,OYE2,NA,NA,NA,blue
Q03640,TCB3,blue,turquoise,NA,brown
Q03690,CLU1,turquoise,turquoise,turquoise,turquoise
Q03835,GRX3,turquoise,turquoise,NA,NA
Q03862,ARX1,NA,blue,NA,NA
Q03973,HMO1,unassigned,NA,NA,turquoise
Q04062,RPN9,turquoise,turquoise,NA,brown
Q04067,TIF35,NA,turquoise,turquoise,turquoise
Q04175,SXM1,NA,NA,turquoise,turquoise
Q04178,HPT1,NA,turquoise,blue,blue
Q04225,RRB1,unassigned,NA,turquoise,NA
Q04344,HNT1,NA,NA,NA,blue
Q04409,EMI2,turquoise,turquoise,NA,NA
Q04432,HSP31,NA,NA,blue,blue
Q04439,MYO5,NA,NA,NA,brown
Q04458,HFD1,NA,NA,blue,NA
Q04491,SEC13,blue,NA,turquoise,turquoise
Q04636,POB3,turquoise,turquoise,unassigned,NA
Q04660,ERB1,NA,turquoise,turquoise,NA
Q04697,GSF2,NA,turquoise,NA,brown
Q04728,ARG7,NA,turquoise,NA,blue
Q04894,ADH6,NA,turquoise,turquoise,turquoise
Q04947,RTN1,NA,NA,turquoise,turquoise
Q05022,RRP5,NA,turquoise,turquoise,turquoise
Q05050,EIS1,turquoise,turquoise,blue,blue
Q05359,ERP1,NA,NA,turquoise,brown
Q05515,SVF1,NA,turquoise,turquoise,turquoise
Q05584,GLO2,NA,NA,turquoise,NA
Q05775,HCR1,turquoise,turquoise,turquoise,turquoise
Q05905,HRI1,NA,turquoise,turquoise,turquoise
Q05911,ADE13,turquoise,turquoise,blue,blue
Q06010,STE23,NA,NA,NA,turquoise
Q06103,RPN7,turquoise,turquoise,NA,turquoise
Q06142,KAP95,NA,turquoise,NA,NA
Q06151,DCS1,NA,NA,blue,blue
Q06218,DBP9,blue,turquoise,NA,NA
Q06440,CRN1,NA,NA,turquoise,turquoise
Q06449,PIN3,NA,NA,turquoise,turquoise
Q06489,MRI1,NA,NA,turquoise,turquoise
Q06505,SPN1,NA,NA,turquoise,turquoise
Q06523,YPR148C,turquoise,turquoise,turquoise,brown
Q06625,GDB1,turquoise,turquoise,blue,blue
Q06631,BFR2,NA,NA,turquoise,turquoise
Q06685,VIP1,NA,turquoise,brown,blue
Q06705,CSR1,NA,NA,turquoise,turquoise
Q06706,IKI3,NA,NA,turquoise,turquoise
Q07451,YET3,NA,turquoise,NA,NA
Q07457,BRE1,NA,turquoise,NA,NA
Q07478,SUB2,turquoise,turquoise,NA,NA
Q07505,YDL086W,NA,NA,turquoise,turquoise
Q07623,NOP6,blue,turquoise,NA,NA
Q07807,PUF3,NA,unassigned,NA,NA
Q07825,FRA1,NA,NA,blue,blue
Q07878,VPS13,NA,unassigned,NA,NA
Q07979,RSC58,NA,NA,turquoise,NA
Q08193,GAS5,unassigned,turquoise,brown,blue
Q08208,NOP12,blue,turquoise,NA,NA
Q08220,GSH2,NA,turquoise,turquoise,turquoise
Q08245,ZEO1,NA,turquoise,turquoise,turquoise
Q08421,ETT1,NA,NA,turquoise,turquoise
Q08645,MET7,NA,turquoise,NA,brown
Q08647,PUS7,NA,NA,turquoise,blue
Q08723,RPN8,turquoise,NA,turquoise,brown
Q08745;P46784,RPS10A,NA,turquoise,turquoise,turquoise
Q08822,CIR2,NA,turquoise,turquoise,NA
Q08971,YPL225W,NA,turquoise,NA,turquoise
Q08972,NEW1,blue,turquoise,turquoise,turquoise
Q08977,YPL260W,turquoise,turquoise,NA,blue
Q08985;Q04898,SAM4,NA,NA,turquoise,turquoise
Q10740,LAP2,turquoise,NA,NA,turquoise
Q12009,TRM8,NA,NA,turquoise,turquoise
Q12019,MDN1,NA,NA,unassigned,turquoise
Q12029,FSF1,unassigned,unassigned,blue,blue
Q12032,AIM41,NA,NA,blue,blue
Q12044,RCN2,NA,NA,turquoise,turquoise
Q12068,GRE2,turquoise,turquoise,blue,blue
Q12074,SPE3,NA,NA,turquoise,turquoise
Q12109,WRS1,NA,NA,turquoise,turquoise
Q12114,CHS5,blue,turquoise,blue,NA
Q12117,MRH1,NA,NA,turquoise,NA
Q12118,SGT2,NA,turquoise,NA,turquoise
Q12122,LYS21,blue,turquoise,brown,blue
Q12154,GET3,NA,turquoise,turquoise,turquoise
Q12159,YRA1,NA,turquoise,turquoise,brown
Q12178,FCY1,blue,unassigned,turquoise,turquoise
Q12189,RKI1,blue,turquoise,NA,turquoise
Q12230,LSP1,turquoise,turquoise,blue,blue
Q12250,RPN5,turquoise,turquoise,NA,blue
Q12265,PRS5,NA,NA,turquoise,NA
Q12271,INP53,NA,NA,NA,turquoise
Q12285,MDY2,unassigned,NA,NA,turquoise
Q12305,RDL1,NA,NA,brown,NA
Q12314,SFM1,NA,NA,turquoise,turquoise
Q12335,PST2,turquoise,turquoise,blue,blue
Q12363,WTM1,turquoise,turquoise,blue,blue
Q12377,RPN6,turquoise,turquoise,NA,blue
Q12447,PAA1,NA,turquoise,turquoise,brown
Q12449,AHA1,turquoise,turquoise,turquoise,NA
Q12451,OSH2,turquoise,turquoise,NA,NA
Q12452,ERG27,turquoise,turquoise,turquoise,turquoise
Q12458,YPR1,turquoise,NA,blue,blue
Q12460,NOP56,blue,NA,turquoise,turquoise
Q12464,RVB2,NA,NA,turquoise,NA
Q12466,TCB1,turquoise,turquoise,NA,blue
Q12480,AIM45,turquoise,turquoise,brown,blue
Q12499,NOP58,blue,NA,turquoise,turquoise
Q12513,TMA17,turquoise,turquoise,blue,blue
Q12532,RQC2,turquoise,turquoise,NA,NA
Q12680,GLT1,turquoise,turquoise,blue,blue
Q12754,RRP12,NA,turquoise,turquoise,turquoise
Q3E754,RPS21B,turquoise,turquoise,turquoise,turquoise
Q3E757;P0C0W9,RPL11B,NA,NA,turquoise,turquoise
Q3E764,TMA7,NA,blue,turquoise,turquoise
Q3E792;P0C0T4,RPS25A,blue,NA,turquoise,turquoise
Q3E7X9,RPS28A,NA,turquoise,turquoise,turquoise
Q3E7Y3;P0C0W1,RPS22B,NA,NA,turquoise,turquoise
Q3E841,YNR034W-A,turquoise,turquoise,blue,NA
Q86ZR7,YKL033W-A,NA,NA,turquoise,turquoise
Q99257,MEX67,NA,NA,turquoise,turquoise
Q99258,RIB3,NA,NA,NA,turquoise
Q99383,HRP1,blue,NA,turquoise,turquoise
